Fecha,ID_Producto,Producto,ID_Cliente,Cliente,Cantidad,Precio_Unitario,Region,Canal,Factura_ID
2023-01-09,P005,Medias Técnicas,C007,Fitness Pro,17,25.0,Buenos Aires,Mayorista,F104970
2023-09-27,P001,Zapatillas Running,C008,TodoDeporte,18,120.5,Córdoba,Tienda,F772418
2024-12-20,P001,Zapatillas Running,C007,Fitness Pro,2,120.5,Chaco,Tienda,F506787
2025-02-01,P005,Medias Técnicas,C003,Outlet Sur,12,25.0,Mendoza,Mayorista,F137595
2025-11-11,P008,Botines Futbol,C002,Indumentaria Norte,8,250.0,Santa Fe,Mayorista,F507442
2023-10-22,P010,Guantes Invierno,C008,TodoDeporte,1,70.0,Neuquén,Online,F719561
2025-06-20,P005,Medias Técnicas,C005,MegaSports,8,25.0,Neuquén,Mayorista,F877241
2024-06-28,P009,Mochila Gym,C008,TodoDeporte,4,180.0,Buenos Aires,Mayorista,F564817
2024-10-23,P006,Gorra Visera,C006,UrbanFit,4,35.0,Neuquén,Mayorista,F429926
2024-06-20,P008,Botines Futbol,C006,UrbanFit,18,250.0,Neuquén,Online,F854856
2023-09-04,P002,Remera Deportiva,C001,Deportes SA,6,45.0,Tucumán,Mayorista,F901252
2025-10-28,P009,Mochila Gym,C002,Indumentaria Norte,19,180.0,Tucumán,Mayorista,F363818
2025-04-10,P010,Guantes Invierno,C005,MegaSports,10,70.0,Santa Fe,Online,F910762
2023-05-08,P010,Guantes Invierno,C007,Fitness Pro,1,70.0,Chaco,Tienda,F324268
2025-02-18,P002,Remera Deportiva,C004,Tiendas Centro,8,45.0,Entre Ríos,Tienda,F609745
2023-04-24,P002,Remera Deportiva,C002,Indumentaria Norte,7,45.0,Mendoza,Tienda,F757696
2024-06-01,P005,Medias Técnicas,C002,Indumentaria Norte,9,25.0,Santa Fe,Online,F807612
2024-02-02,P007,Buzo Deportivo,C010,Running World,12,150.0,Santa Fe,Online,F331758
2023-02-08,P008,Botines Futbol,C001,Deportes SA,5,250.0,Córdoba,Online,F430877
2025-06-10,P003,Short Entrenamiento,C002,Indumentaria Norte,5,60.0,Santa Fe,Tienda,F217959
2025-11-21,P008,Botines Futbol,C007,Fitness Pro,4,250.0,Salta,Mayorista,F547446
2025-08-22,P009,Mochila Gym,C010,Running World,2,180.0,Entre Ríos,Mayorista,F884467
2024-07-16,P005,Medias Técnicas,C008,TodoDeporte,20,25.0,Entre Ríos,Online,F232581
2025-06-08,P010,Guantes Invierno,C010,Running World,20,70.0,Salta,Mayorista,F432166
2025-03-27,P006,Gorra Visera,C005,MegaSports,18,35.0,Buenos Aires,Tienda,F675004
2024-05-31,P002,Remera Deportiva,C008,TodoDeporte,1,45.0,Entre Ríos,Tienda,F387243
2024-07-31,P005,Medias Técnicas,C001,Deportes SA,7,25.0,Mendoza,Tienda,F244550
2024-09-30,P006,Gorra Visera,C001,Deportes SA,15,35.0,Santa Fe,Tienda,F794573
2025-08-08,P009,Mochila Gym,C003,Outlet Sur,4,180.0,Tucumán,Online,F568110
2023-09-14,P005,Medias Técnicas,C004,Tiendas Centro,15,25.0,Entre Ríos,Tienda,F172778
2024-01-19,P007,Buzo Deportivo,C010,Running World,5,150.0,Neuquén,Mayorista,F538144
2023-11-12,P007,Buzo Deportivo,C009,ZonaActiva,19,150.0,Entre Ríos,Mayorista,F435704
2023-11-03,P003,Short Entrenamiento,C002,Indumentaria Norte,4,60.0,Buenos Aires,Tienda,F640239
2025-09-03,P004,Campera Rompeviento,C006,UrbanFit,1,210.0,Buenos Aires,Online,F879854
2025-07-24,P005,Medias Técnicas,C008,TodoDeporte,20,25.0,Córdoba,Mayorista,F494277
2023-04-05,P010,Guantes Invierno,C006,UrbanFit,16,70.0,Chaco,Online,F956252
2024-04-05,P004,Campera Rompeviento,C005,MegaSports,7,210.0,Entre Ríos,Online,F932806
2024-02-26,P006,Gorra Visera,C003,Outlet Sur,16,35.0,Corrientes,Mayorista,F728600
2023-08-20,P003,Short Entrenamiento,C010,Running World,12,60.0,Chaco,Mayorista,F161387
2024-06-28,P002,Remera Deportiva,C008,TodoDeporte,15,45.0,Chaco,Mayorista,F180403
2023-04-14,P001,Zapatillas Running,C006,UrbanFit,10,120.5,Córdoba,Online,F557070
2025-02-19,P005,Medias Técnicas,C007,Fitness Pro,6,25.0,Corrientes,Online,F561385
2024-03-31,P007,Buzo Deportivo,C006,UrbanFit,5,150.0,Mendoza,Tienda,F959555
2024-06-20,P005,Medias Técnicas,C010,Running World,10,25.0,Salta,Mayorista,F208673
2023-03-09,P001,Zapatillas Running,C001,Deportes SA,8,120.5,Tucumán,Mayorista,F640979
2025-12-19,P004,Campera Rompeviento,C004,Tiendas Centro,4,210.0,Santa Fe,Tienda,F704920
2025-03-14,P002,Remera Deportiva,C008,TodoDeporte,12,45.0,Córdoba,Mayorista,F774586
2023-07-24,P005,Medias Técnicas,C010,Running World,16,25.0,Córdoba,Mayorista,F319076
2024-05-24,P010,Guantes Invierno,C003,Outlet Sur,16,70.0,Entre Ríos,Online,F569130
2025-06-29,P001,Zapatillas Running,C002,Indumentaria Norte,20,120.5,Tucumán,Mayorista,F123815
2025-03-17,P007,Buzo Deportivo,C010,Running World,6,150.0,Corrientes,Online,F398872
2023-07-12,P002,Remera Deportiva,C009,ZonaActiva,9,45.0,Córdoba,Tienda,F551183
2025-07-19,P009,Mochila Gym,C010,Running World,5,180.0,Salta,Tienda,F154607
2023-08-04,P010,Guantes Invierno,C002,Indumentaria Norte,20,70.0,Mendoza,Tienda,F833000
2024-05-16,P007,Buzo Deportivo,C010,Running World,2,150.0,Santa Fe,Mayorista,F811407
2025-08-10,P009,Mochila Gym,C007,Fitness Pro,3,180.0,Corrientes,Mayorista,F920582
2025-05-12,P001,Zapatillas Running,C007,Fitness Pro,7,120.5,Chaco,Online,F374075
2024-02-12,P007,Buzo Deportivo,C005,MegaSports,11,150.0,Salta,Tienda,F620119
2025-09-22,P004,Campera Rompeviento,C009,ZonaActiva,7,210.0,Tucumán,Tienda,F411012
2023-08-14,P010,Guantes Invierno,C008,TodoDeporte,14,70.0,Entre Ríos,Mayorista,F953685
2024-10-31,P001,Zapatillas Running,C001,Deportes SA,10,120.5,Buenos Aires,Online,F851057
2025-03-18,P001,Zapatillas Running,C006,UrbanFit,20,120.5,Salta,Online,F327948
2025-10-04,P002,Remera Deportiva,C002,Indumentaria Norte,16,45.0,Salta,Mayorista,F250500
2023-01-04,P002,Remera Deportiva,C004,Tiendas Centro,7,45.0,Santa Fe,Mayorista,F450850
2025-11-10,P003,Short Entrenamiento,C006,UrbanFit,11,60.0,Córdoba,Mayorista,F479895
2025-01-03,P003,Short Entrenamiento,C002,Indumentaria Norte,18,60.0,Salta,Tienda,F565053
2023-06-07,P009,Mochila Gym,C005,MegaSports,19,180.0,Corrientes,Online,F469412
2025-06-21,P001,Zapatillas Running,C004,Tiendas Centro,19,120.5,Corrientes,Tienda,F546633
2023-12-27,P009,Mochila Gym,C002,Indumentaria Norte,6,180.0,Córdoba,Tienda,F531282
2024-01-31,P002,Remera Deportiva,C005,MegaSports,3,45.0,Chaco,Mayorista,F501059
2023-09-07,P004,Campera Rompeviento,C001,Deportes SA,3,210.0,Buenos Aires,Tienda,F168467
2024-07-23,P007,Buzo Deportivo,C001,Deportes SA,1,150.0,Tucumán,Tienda,F638680
2025-01-02,P002,Remera Deportiva,C010,Running World,1,45.0,Tucumán,Tienda,F909504
2025-06-09,P002,Remera Deportiva,C006,UrbanFit,6,45.0,Neuquén,Mayorista,F681648
2025-04-29,P005,Medias Técnicas,C009,ZonaActiva,16,25.0,Buenos Aires,Online,F775515
2023-07-30,P004,Campera Rompeviento,C002,Indumentaria Norte,1,210.0,Santa Fe,Mayorista,F895455
2023-02-25,P007,Buzo Deportivo,C001,Deportes SA,12,150.0,Neuquén,Mayorista,F423664
2023-12-31,P005,Medias Técnicas,C004,Tiendas Centro,1,25.0,Buenos Aires,Mayorista,F493780
2023-11-17,P001,Zapatillas Running,C005,MegaSports,10,120.5,Tucumán,Mayorista,F622184
2023-10-10,P009,Mochila Gym,C005,MegaSports,7,180.0,Entre Ríos,Mayorista,F329608
2025-10-10,P008,Botines Futbol,C003,Outlet Sur,4,250.0,Tucumán,Online,F166378
2023-08-31,P003,Short Entrenamiento,C010,Running World,14,60.0,Buenos Aires,Tienda,F266426
2023-12-26,P004,Campera Rompeviento,C003,Outlet Sur,20,210.0,Buenos Aires,Tienda,F772062
2025-01-17,P007,Buzo Deportivo,C001,Deportes SA,3,150.0,Santa Fe,Online,F164649
2023-01-18,P008,Botines Futbol,C001,Deportes SA,2,250.0,Tucumán,Tienda,F542678
2024-04-18,P004,Campera Rompeviento,C009,ZonaActiva,18,210.0,Córdoba,Online,F532842
2024-03-19,P003,Short Entrenamiento,C004,Tiendas Centro,10,60.0,Córdoba,Mayorista,F585430
2024-05-20,P001,Zapatillas Running,C001,Deportes SA,5,120.5,Buenos Aires,Online,F713553
2023-09-23,P005,Medias Técnicas,C001,Deportes SA,5,25.0,Neuquén,Tienda,F641141
2024-11-08,P004,Campera Rompeviento,C006,UrbanFit,12,210.0,Salta,Mayorista,F335459
2024-10-24,P010,Guantes Invierno,C007,Fitness Pro,5,70.0,Tucumán,Mayorista,F624366
2024-01-04,P008,Botines Futbol,C003,Outlet Sur,18,250.0,Neuquén,Mayorista,F678048
2025-06-17,P008,Botines Futbol,C008,TodoDeporte,4,250.0,Chaco,Online,F383250
2024-10-18,P002,Remera Deportiva,C004,Tiendas Centro,5,45.0,Santa Fe,Mayorista,F175237
2025-03-04,P008,Botines Futbol,C008,TodoDeporte,18,250.0,Entre Ríos,Online,F734677
2024-05-25,P003,Short Entrenamiento,C010,Running World,4,60.0,Buenos Aires,Online,F450051
2024-12-22,P008,Botines Futbol,C010,Running World,7,250.0,Salta,Online,F419818
2025-09-02,P005,Medias Técnicas,C007,Fitness Pro,7,25.0,Mendoza,Mayorista,F944258
2025-05-04,P004,Campera Rompeviento,C002,Indumentaria Norte,15,210.0,Chaco,Tienda,F602489
2023-01-23,P009,Mochila Gym,C001,Deportes SA,8,180.0,Mendoza,Online,F426672
2025-08-12,P010,Guantes Invierno,C006,UrbanFit,15,70.0,Corrientes,Tienda,F653418
2025-10-08,P004,Campera Rompeviento,C009,ZonaActiva,14,210.0,Santa Fe,Mayorista,F755372
2025-05-19,P005,Medias Técnicas,C006,UrbanFit,20,25.0,Salta,Mayorista,F934905
2024-10-15,P010,Guantes Invierno,C001,Deportes SA,7,70.0,Salta,Online,F258814
2025-05-23,P006,Gorra Visera,C006,UrbanFit,9,35.0,Chaco,Mayorista,F790545
2023-04-25,P007,Buzo Deportivo,C007,Fitness Pro,13,150.0,Neuquén,Mayorista,F975634
2024-03-03,P006,Gorra Visera,C009,ZonaActiva,11,35.0,Córdoba,Tienda,F557753
2023-10-12,P002,Remera Deportiva,C010,Running World,8,45.0,Salta,Tienda,F848844
2023-10-14,P004,Campera Rompeviento,C001,Deportes SA,17,210.0,Corrientes,Online,F814898
2024-06-22,P007,Buzo Deportivo,C009,ZonaActiva,2,150.0,Tucumán,Mayorista,F967813
2025-09-24,P005,Medias Técnicas,C007,Fitness Pro,17,25.0,Neuquén,Mayorista,F687911
2024-10-15,P001,Zapatillas Running,C006,UrbanFit,8,120.5,Neuquén,Tienda,F218212
2025-05-21,P007,Buzo Deportivo,C006,UrbanFit,2,150.0,Tucumán,Online,F855364
2025-06-10,P009,Mochila Gym,C004,Tiendas Centro,2,180.0,Corrientes,Tienda,F487056
2024-05-15,P001,Zapatillas Running,C007,Fitness Pro,18,120.5,Buenos Aires,Mayorista,F623671
2023-11-28,P003,Short Entrenamiento,C008,TodoDeporte,19,60.0,Entre Ríos,Online,F456770
2024-11-23,P003,Short Entrenamiento,C004,Tiendas Centro,6,60.0,Córdoba,Online,F984926
2025-05-01,P005,Medias Técnicas,C006,UrbanFit,19,25.0,Buenos Aires,Mayorista,F175417
2025-07-19,P004,Campera Rompeviento,C009,ZonaActiva,11,210.0,Salta,Tienda,F554922
2025-11-06,P010,Guantes Invierno,C006,UrbanFit,11,70.0,Mendoza,Online,F668829
2024-02-23,P010,Guantes Invierno,C007,Fitness Pro,5,70.0,Neuquén,Mayorista,F782818
2024-10-01,P003,Short Entrenamiento,C002,Indumentaria Norte,14,60.0,Chaco,Mayorista,F737993
2023-03-16,P008,Botines Futbol,C006,UrbanFit,5,250.0,Neuquén,Online,F898428
2023-06-19,P009,Mochila Gym,C007,Fitness Pro,8,180.0,Mendoza,Mayorista,F152912
2023-01-01,P006,Gorra Visera,C007,Fitness Pro,20,35.0,Santa Fe,Mayorista,F632129
2024-07-10,P010,Guantes Invierno,C008,TodoDeporte,10,70.0,Entre Ríos,Online,F142196
2024-12-06,P007,Buzo Deportivo,C007,Fitness Pro,17,150.0,Neuquén,Tienda,F530662
2023-07-11,P006,Gorra Visera,C008,TodoDeporte,6,35.0,Corrientes,Tienda,F667332
2025-01-02,P005,Medias Técnicas,C001,Deportes SA,19,25.0,Buenos Aires,Mayorista,F268175
2025-09-18,P010,Guantes Invierno,C003,Outlet Sur,1,70.0,Salta,Online,F558833
2023-01-17,P001,Zapatillas Running,C005,MegaSports,5,120.5,Mendoza,Tienda,F593274
2023-06-19,P004,Campera Rompeviento,C008,TodoDeporte,2,210.0,Santa Fe,Mayorista,F569746
2023-06-15,P008,Botines Futbol,C010,Running World,16,250.0,Buenos Aires,Tienda,F218208
2024-08-01,P007,Buzo Deportivo,C007,Fitness Pro,18,150.0,Salta,Mayorista,F492427
2024-05-29,P008,Botines Futbol,C008,TodoDeporte,8,250.0,Buenos Aires,Online,F307620
2025-10-31,P006,Gorra Visera,C007,Fitness Pro,7,35.0,Tucumán,Tienda,F149692
2025-10-25,P008,Botines Futbol,C007,Fitness Pro,13,250.0,Neuquén,Mayorista,F684430
2025-01-06,P009,Mochila Gym,C001,Deportes SA,3,180.0,Salta,Mayorista,F498495
2025-10-15,P010,Guantes Invierno,C006,UrbanFit,17,70.0,Salta,Mayorista,F765974
2023-02-25,P002,Remera Deportiva,C002,Indumentaria Norte,5,45.0,Buenos Aires,Mayorista,F995267
2023-07-15,P006,Gorra Visera,C006,UrbanFit,7,35.0,Mendoza,Online,F235696
2024-04-11,P001,Zapatillas Running,C009,ZonaActiva,6,120.5,Corrientes,Tienda,F497066
2024-01-31,P002,Remera Deportiva,C006,UrbanFit,1,45.0,Mendoza,Mayorista,F241297
2024-09-04,P006,Gorra Visera,C007,Fitness Pro,19,35.0,Neuquén,Online,F769280
2025-07-19,P004,Campera Rompeviento,C006,UrbanFit,4,210.0,Tucumán,Mayorista,F371726
2024-07-21,P009,Mochila Gym,C006,UrbanFit,1,180.0,Corrientes,Online,F699013
2024-01-12,P010,Guantes Invierno,C004,Tiendas Centro,7,70.0,Neuquén,Mayorista,F324907
2025-08-23,P010,Guantes Invierno,C004,Tiendas Centro,19,70.0,Buenos Aires,Tienda,F567496
2024-01-19,P004,Campera Rompeviento,C010,Running World,9,210.0,Entre Ríos,Tienda,F787045
2025-09-23,P002,Remera Deportiva,C004,Tiendas Centro,10,45.0,Santa Fe,Tienda,F190180
2023-10-07,P009,Mochila Gym,C006,UrbanFit,16,180.0,Córdoba,Online,F859853
2025-07-01,P009,Mochila Gym,C010,Running World,14,180.0,Córdoba,Mayorista,F898011
2024-01-03,P004,Campera Rompeviento,C007,Fitness Pro,8,210.0,Neuquén,Online,F605021
2025-12-15,P010,Guantes Invierno,C006,UrbanFit,7,70.0,Santa Fe,Tienda,F787036
2024-02-22,P005,Medias Técnicas,C010,Running World,3,25.0,Salta,Tienda,F805870
2024-01-15,P008,Botines Futbol,C008,TodoDeporte,8,250.0,Salta,Mayorista,F359918
2024-04-14,P008,Botines Futbol,C007,Fitness Pro,18,250.0,Salta,Tienda,F666674
2023-12-07,P005,Medias Técnicas,C010,Running World,12,25.0,Santa Fe,Online,F376096
2024-04-16,P008,Botines Futbol,C007,Fitness Pro,10,250.0,Mendoza,Mayorista,F917354
2024-10-29,P010,Guantes Invierno,C003,Outlet Sur,9,70.0,Tucumán,Mayorista,F348506
2023-08-31,P009,Mochila Gym,C004,Tiendas Centro,5,180.0,Buenos Aires,Tienda,F933846
2023-10-05,P002,Remera Deportiva,C002,Indumentaria Norte,20,45.0,Mendoza,Mayorista,F216391
2023-09-11,P010,Guantes Invierno,C007,Fitness Pro,15,70.0,Entre Ríos,Online,F714044
2023-01-20,P009,Mochila Gym,C008,TodoDeporte,15,180.0,Mendoza,Mayorista,F587910
2024-12-04,P005,Medias Técnicas,C008,TodoDeporte,17,25.0,Neuquén,Online,F979159
2024-01-03,P003,Short Entrenamiento,C004,Tiendas Centro,2,60.0,Mendoza,Tienda,F100630
2023-11-10,P005,Medias Técnicas,C003,Outlet Sur,15,25.0,Chaco,Online,F111605
2025-03-17,P003,Short Entrenamiento,C010,Running World,16,60.0,Entre Ríos,Mayorista,F348565
2024-10-12,P009,Mochila Gym,C004,Tiendas Centro,9,180.0,Mendoza,Tienda,F840753
2023-12-29,P001,Zapatillas Running,C001,Deportes SA,19,120.5,Corrientes,Mayorista,F354522
2024-10-27,P008,Botines Futbol,C005,MegaSports,20,250.0,Salta,Tienda,F577852
2025-04-28,P008,Botines Futbol,C007,Fitness Pro,9,250.0,Chaco,Online,F105277
2025-08-12,P001,Zapatillas Running,C006,UrbanFit,6,120.5,Buenos Aires,Tienda,F142902
2023-10-18,P008,Botines Futbol,C005,MegaSports,12,250.0,Entre Ríos,Tienda,F794128
2023-02-10,P010,Guantes Invierno,C010,Running World,3,70.0,Corrientes,Online,F991317
2023-04-19,P007,Buzo Deportivo,C002,Indumentaria Norte,20,150.0,Chaco,Online,F618959
2025-01-15,P008,Botines Futbol,C005,MegaSports,13,250.0,Buenos Aires,Tienda,F510189
2025-07-18,P008,Botines Futbol,C008,TodoDeporte,1,250.0,Córdoba,Online,F256264
2024-01-26,P002,Remera Deportiva,C002,Indumentaria Norte,3,45.0,Buenos Aires,Online,F249355
2025-04-04,P008,Botines Futbol,C006,UrbanFit,2,250.0,Neuquén,Tienda,F999624
2025-10-25,P010,Guantes Invierno,C010,Running World,4,70.0,Neuquén,Mayorista,F558059
2025-08-04,P002,Remera Deportiva,C008,TodoDeporte,19,45.0,Mendoza,Online,F173067
2023-02-19,P005,Medias Técnicas,C002,Indumentaria Norte,15,25.0,Neuquén,Online,F930851
2025-07-12,P007,Buzo Deportivo,C006,UrbanFit,14,150.0,Buenos Aires,Mayorista,F153759
2024-09-08,P004,Campera Rompeviento,C006,UrbanFit,1,210.0,Santa Fe,Tienda,F825915
2023-11-22,P004,Campera Rompeviento,C007,Fitness Pro,10,210.0,Mendoza,Online,F729735
2024-11-17,P009,Mochila Gym,C005,MegaSports,2,180.0,Buenos Aires,Tienda,F797181
2023-09-15,P008,Botines Futbol,C006,UrbanFit,4,250.0,Neuquén,Tienda,F333968
2024-06-23,P010,Guantes Invierno,C003,Outlet Sur,20,70.0,Buenos Aires,Mayorista,F141659
2023-01-31,P010,Guantes Invierno,C005,MegaSports,16,70.0,Córdoba,Tienda,F325263
2025-08-01,P003,Short Entrenamiento,C006,UrbanFit,13,60.0,Mendoza,Mayorista,F368902
2025-02-04,P009,Mochila Gym,C005,MegaSports,17,180.0,Santa Fe,Mayorista,F271452
2023-12-25,P010,Guantes Invierno,C008,TodoDeporte,1,70.0,Tucumán,Tienda,F685572
2025-01-06,P004,Campera Rompeviento,C004,Tiendas Centro,3,210.0,Córdoba,Tienda,F155480
2023-11-11,P003,Short Entrenamiento,C002,Indumentaria Norte,6,60.0,Córdoba,Online,F147819
2025-03-20,P009,Mochila Gym,C006,UrbanFit,12,180.0,Tucumán,Mayorista,F623562
2023-03-28,P008,Botines Futbol,C010,Running World,18,250.0,Entre Ríos,Online,F763645
2024-09-12,P006,Gorra Visera,C006,UrbanFit,1,35.0,Entre Ríos,Mayorista,F273550
2025-01-11,P010,Guantes Invierno,C008,TodoDeporte,15,70.0,Santa Fe,Mayorista,F741099
2024-07-21,P003,Short Entrenamiento,C010,Running World,16,60.0,Entre Ríos,Mayorista,F230359
2024-07-11,P002,Remera Deportiva,C005,MegaSports,13,45.0,Neuquén,Tienda,F605876
2024-09-10,P006,Gorra Visera,C009,ZonaActiva,13,35.0,Tucumán,Online,F176927
2024-03-04,P009,Mochila Gym,C007,Fitness Pro,1,180.0,Salta,Online,F966140
2023-04-30,P010,Guantes Invierno,C010,Running World,8,70.0,Tucumán,Online,F956616
2024-09-26,P003,Short Entrenamiento,C004,Tiendas Centro,5,60.0,Corrientes,Tienda,F201517
2023-12-18,P009,Mochila Gym,C005,MegaSports,4,180.0,Entre Ríos,Tienda,F296426
2024-11-05,P001,Zapatillas Running,C007,Fitness Pro,16,120.5,Santa Fe,Mayorista,F950769
2023-07-11,P006,Gorra Visera,C002,Indumentaria Norte,5,35.0,Santa Fe,Mayorista,F423180
2023-12-15,P003,Short Entrenamiento,C006,UrbanFit,9,60.0,Neuquén,Tienda,F902875
2024-01-17,P010,Guantes Invierno,C010,Running World,18,70.0,Buenos Aires,Tienda,F640156
2025-10-06,P008,Botines Futbol,C004,Tiendas Centro,17,250.0,Entre Ríos,Mayorista,F475245
2024-05-14,P009,Mochila Gym,C001,Deportes SA,10,180.0,Mendoza,Mayorista,F214268
2025-07-23,P001,Zapatillas Running,C001,Deportes SA,8,120.5,Santa Fe,Online,F652990
2023-06-23,P007,Buzo Deportivo,C001,Deportes SA,18,150.0,Chaco,Tienda,F485933
2023-08-01,P001,Zapatillas Running,C001,Deportes SA,3,120.5,Neuquén,Mayorista,F982262
2023-06-04,P003,Short Entrenamiento,C009,ZonaActiva,15,60.0,Chaco,Mayorista,F961483
2024-09-08,P005,Medias Técnicas,C005,MegaSports,5,25.0,Chaco,Mayorista,F666766
2023-01-08,P002,Remera Deportiva,C003,Outlet Sur,19,45.0,Tucumán,Online,F794528
2024-08-25,P009,Mochila Gym,C009,ZonaActiva,10,180.0,Corrientes,Tienda,F229424
2024-05-25,P006,Gorra Visera,C009,ZonaActiva,18,35.0,Entre Ríos,Tienda,F358213
2023-09-29,P007,Buzo Deportivo,C006,UrbanFit,3,150.0,Buenos Aires,Tienda,F862343
2023-06-04,P004,Campera Rompeviento,C010,Running World,10,210.0,Neuquén,Mayorista,F338005
2023-11-16,P006,Gorra Visera,C009,ZonaActiva,17,35.0,Tucumán,Mayorista,F143894
2024-01-05,P005,Medias Técnicas,C010,Running World,3,25.0,Salta,Online,F404291
2023-08-18,P001,Zapatillas Running,C006,UrbanFit,14,120.5,Chaco,Online,F711303
2024-11-22,P003,Short Entrenamiento,C002,Indumentaria Norte,8,60.0,Tucumán,Mayorista,F473042
2023-04-23,P008,Botines Futbol,C001,Deportes SA,17,250.0,Neuquén,Online,F286551
2025-09-05,P007,Buzo Deportivo,C003,Outlet Sur,9,150.0,Entre Ríos,Online,F476671
2024-04-14,P007,Buzo Deportivo,C002,Indumentaria Norte,17,150.0,Tucumán,Mayorista,F274526
2024-08-23,P003,Short Entrenamiento,C004,Tiendas Centro,9,60.0,Corrientes,Online,F756087
2025-11-06,P010,Guantes Invierno,C007,Fitness Pro,17,70.0,Corrientes,Tienda,F712790
2023-01-03,P010,Guantes Invierno,C007,Fitness Pro,11,70.0,Entre Ríos,Mayorista,F772348
2025-04-28,P008,Botines Futbol,C006,UrbanFit,7,250.0,Corrientes,Online,F743715
2023-04-08,P009,Mochila Gym,C005,MegaSports,17,180.0,Tucumán,Mayorista,F310174
2025-12-28,P002,Remera Deportiva,C004,Tiendas Centro,5,45.0,Chaco,Tienda,F361686
2023-07-19,P004,Campera Rompeviento,C003,Outlet Sur,2,210.0,Corrientes,Online,F664849
2025-01-24,P010,Guantes Invierno,C002,Indumentaria Norte,12,70.0,Salta,Online,F434656
2024-05-20,P004,Campera Rompeviento,C007,Fitness Pro,8,210.0,Mendoza,Online,F241814
2024-09-06,P006,Gorra Visera,C006,UrbanFit,16,35.0,Santa Fe,Online,F714468
2025-01-20,P002,Remera Deportiva,C002,Indumentaria Norte,10,45.0,Corrientes,Online,F442453
2024-04-03,P002,Remera Deportiva,C003,Outlet Sur,12,45.0,Santa Fe,Tienda,F866331
2025-03-02,P009,Mochila Gym,C002,Indumentaria Norte,12,180.0,Chaco,Mayorista,F249532
2023-02-27,P010,Guantes Invierno,C002,Indumentaria Norte,3,70.0,Chaco,Mayorista,F534780
2024-11-12,P009,Mochila Gym,C004,Tiendas Centro,4,180.0,Santa Fe,Mayorista,F610711
2024-10-24,P005,Medias Técnicas,C008,TodoDeporte,8,25.0,Neuquén,Tienda,F209389
2024-03-02,P009,Mochila Gym,C004,Tiendas Centro,6,180.0,Tucumán,Online,F137512
2023-02-04,P004,Campera Rompeviento,C002,Indumentaria Norte,9,210.0,Santa Fe,Tienda,F157068
2023-11-18,P005,Medias Técnicas,C008,TodoDeporte,17,25.0,Tucumán,Tienda,F771408
2024-01-07,P010,Guantes Invierno,C002,Indumentaria Norte,14,70.0,Buenos Aires,Online,F308517
2024-04-03,P003,Short Entrenamiento,C003,Outlet Sur,7,60.0,Salta,Tienda,F199950
2025-12-12,P003,Short Entrenamiento,C008,TodoDeporte,15,60.0,Córdoba,Online,F342547
2024-01-16,P005,Medias Técnicas,C001,Deportes SA,6,25.0,Tucumán,Tienda,F338043
2024-12-25,P005,Medias Técnicas,C009,ZonaActiva,4,25.0,Mendoza,Mayorista,F693042
2023-06-04,P003,Short Entrenamiento,C010,Running World,4,60.0,Entre Ríos,Online,F342977
2024-03-26,P010,Guantes Invierno,C001,Deportes SA,2,70.0,Santa Fe,Online,F232564
2025-02-08,P002,Remera Deportiva,C003,Outlet Sur,15,45.0,Salta,Tienda,F470138
2023-08-30,P004,Campera Rompeviento,C005,MegaSports,15,210.0,Chaco,Online,F602964
2023-09-04,P003,Short Entrenamiento,C010,Running World,12,60.0,Entre Ríos,Online,F749391
2023-05-09,P004,Campera Rompeviento,C005,MegaSports,18,210.0,Tucumán,Tienda,F522141
2024-02-27,P006,Gorra Visera,C006,UrbanFit,17,35.0,Entre Ríos,Mayorista,F190129
2023-09-16,P001,Zapatillas Running,C003,Outlet Sur,20,120.5,Chaco,Tienda,F833335
2023-05-08,P009,Mochila Gym,C004,Tiendas Centro,15,180.0,Neuquén,Tienda,F535747
2025-12-01,P009,Mochila Gym,C005,MegaSports,17,180.0,Neuquén,Mayorista,F185994
2024-07-26,P005,Medias Técnicas,C003,Outlet Sur,16,25.0,Salta,Online,F395003
2023-12-01,P006,Gorra Visera,C007,Fitness Pro,5,35.0,Salta,Online,F509284
2025-04-01,P005,Medias Técnicas,C007,Fitness Pro,8,25.0,Entre Ríos,Online,F631701
2024-09-12,P003,Short Entrenamiento,C009,ZonaActiva,7,60.0,Entre Ríos,Online,F563718
2024-12-28,P006,Gorra Visera,C007,Fitness Pro,7,35.0,Neuquén,Mayorista,F636075
2024-09-13,P010,Guantes Invierno,C006,UrbanFit,18,70.0,Neuquén,Mayorista,F106760
2024-02-03,P010,Guantes Invierno,C005,MegaSports,9,70.0,Buenos Aires,Online,F785362
2024-07-30,P003,Short Entrenamiento,C006,UrbanFit,2,60.0,Córdoba,Tienda,F759706
2025-04-09,P002,Remera Deportiva,C002,Indumentaria Norte,10,45.0,Corrientes,Tienda,F636655
2023-07-04,P006,Gorra Visera,C009,ZonaActiva,7,35.0,Chaco,Online,F550052
2025-04-21,P004,Campera Rompeviento,C006,UrbanFit,10,210.0,Salta,Online,F355173
2024-05-17,P002,Remera Deportiva,C010,Running World,4,45.0,Entre Ríos,Online,F828436
2024-03-28,P002,Remera Deportiva,C004,Tiendas Centro,17,45.0,Salta,Tienda,F328555
2023-07-23,P002,Remera Deportiva,C001,Deportes SA,14,45.0,Córdoba,Tienda,F333526
2023-02-19,P005,Medias Técnicas,C009,ZonaActiva,19,25.0,Chaco,Tienda,F275776
2023-12-16,P010,Guantes Invierno,C007,Fitness Pro,18,70.0,Mendoza,Tienda,F409283
2025-02-19,P007,Buzo Deportivo,C002,Indumentaria Norte,14,150.0,Corrientes,Tienda,F641384
2023-09-16,P006,Gorra Visera,C009,ZonaActiva,7,35.0,Buenos Aires,Tienda,F326368
2025-12-12,P002,Remera Deportiva,C008,TodoDeporte,2,45.0,Córdoba,Tienda,F482289
2023-08-19,P002,Remera Deportiva,C010,Running World,18,45.0,Chaco,Tienda,F637168
2023-04-30,P010,Guantes Invierno,C010,Running World,2,70.0,Corrientes,Online,F999594
2023-06-22,P009,Mochila Gym,C010,Running World,7,180.0,Buenos Aires,Online,F751787
2023-02-14,P001,Zapatillas Running,C006,UrbanFit,6,120.5,Mendoza,Tienda,F106935
2024-05-12,P001,Zapatillas Running,C004,Tiendas Centro,4,120.5,Córdoba,Online,F223533
2023-09-25,P008,Botines Futbol,C010,Running World,1,250.0,Buenos Aires,Mayorista,F954091
2023-11-26,P010,Guantes Invierno,C002,Indumentaria Norte,8,70.0,Neuquén,Online,F538472
2024-08-12,P009,Mochila Gym,C009,ZonaActiva,8,180.0,Córdoba,Tienda,F560476
2025-05-22,P003,Short Entrenamiento,C004,Tiendas Centro,19,60.0,Entre Ríos,Mayorista,F355661
2025-05-17,P007,Buzo Deportivo,C004,Tiendas Centro,15,150.0,Neuquén,Mayorista,F145807
2024-02-09,P002,Remera Deportiva,C009,ZonaActiva,3,45.0,Santa Fe,Mayorista,F342240
2025-02-11,P010,Guantes Invierno,C005,MegaSports,3,70.0,Entre Ríos,Tienda,F755227
2024-06-08,P005,Medias Técnicas,C002,Indumentaria Norte,17,25.0,Salta,Online,F983800
2024-03-27,P005,Medias Técnicas,C009,ZonaActiva,17,25.0,Buenos Aires,Tienda,F766097
2025-03-17,P005,Medias Técnicas,C004,Tiendas Centro,14,25.0,Buenos Aires,Online,F581907
2024-12-24,P005,Medias Técnicas,C002,Indumentaria Norte,8,25.0,Santa Fe,Mayorista,F426724
2023-09-03,P002,Remera Deportiva,C001,Deportes SA,10,45.0,Santa Fe,Tienda,F778500
2025-08-15,P006,Gorra Visera,C001,Deportes SA,7,35.0,Corrientes,Tienda,F123477
2024-12-11,P008,Botines Futbol,C001,Deportes SA,14,250.0,Salta,Tienda,F485129
2025-04-14,P009,Mochila Gym,C006,UrbanFit,15,180.0,Neuquén,Online,F119220
2024-10-08,P010,Guantes Invierno,C009,ZonaActiva,3,70.0,Entre Ríos,Online,F486914
2025-08-13,P002,Remera Deportiva,C010,Running World,8,45.0,Salta,Online,F684242
2023-09-21,P007,Buzo Deportivo,C006,UrbanFit,12,150.0,Corrientes,Mayorista,F186773
2025-01-27,P004,Campera Rompeviento,C004,Tiendas Centro,1,210.0,Buenos Aires,Online,F112117
2024-12-08,P001,Zapatillas Running,C003,Outlet Sur,8,120.5,Corrientes,Mayorista,F345553
2025-02-09,P003,Short Entrenamiento,C010,Running World,19,60.0,Buenos Aires,Online,F978539
2025-12-14,P009,Mochila Gym,C002,Indumentaria Norte,16,180.0,Tucumán,Online,F858587
2023-04-03,P002,Remera Deportiva,C005,MegaSports,13,45.0,Corrientes,Tienda,F312985
2024-01-28,P003,Short Entrenamiento,C004,Tiendas Centro,9,60.0,Corrientes,Mayorista,F921949
2025-08-05,P007,Buzo Deportivo,C009,ZonaActiva,20,150.0,Neuquén,Tienda,F307198
2023-02-10,P002,Remera Deportiva,C009,ZonaActiva,9,45.0,Entre Ríos,Tienda,F687040
2024-01-15,P004,Campera Rompeviento,C010,Running World,19,210.0,Buenos Aires,Tienda,F866806
2025-12-04,P001,Zapatillas Running,C006,UrbanFit,15,120.5,Córdoba,Online,F620491
2023-10-16,P006,Gorra Visera,C001,Deportes SA,9,35.0,Neuquén,Mayorista,F810380
2025-04-02,P004,Campera Rompeviento,C005,MegaSports,9,210.0,Tucumán,Online,F805069
2024-07-12,P010,Guantes Invierno,C005,MegaSports,20,70.0,Chaco,Online,F686809
2024-07-13,P001,Zapatillas Running,C006,UrbanFit,4,120.5,Chaco,Online,F159543
2024-09-25,P008,Botines Futbol,C004,Tiendas Centro,19,250.0,Córdoba,Tienda,F282405
2023-03-28,P005,Medias Técnicas,C004,Tiendas Centro,11,25.0,Neuquén,Tienda,F638441
2025-11-28,P010,Guantes Invierno,C001,Deportes SA,5,70.0,Santa Fe,Mayorista,F707279
2023-03-04,P003,Short Entrenamiento,C010,Running World,19,60.0,Córdoba,Online,F443029
2025-02-05,P002,Remera Deportiva,C007,Fitness Pro,5,45.0,Entre Ríos,Mayorista,F480978
2023-06-03,P007,Buzo Deportivo,C006,UrbanFit,7,150.0,Tucumán,Online,F104554
2025-07-05,P005,Medias Técnicas,C001,Deportes SA,9,25.0,Salta,Tienda,F533822
2024-05-03,P001,Zapatillas Running,C007,Fitness Pro,14,120.5,Tucumán,Mayorista,F777301
2025-01-11,P004,Campera Rompeviento,C001,Deportes SA,18,210.0,Salta,Tienda,F477329
2025-01-06,P001,Zapatillas Running,C004,Tiendas Centro,2,120.5,Tucumán,Online,F835884
2024-09-01,P002,Remera Deportiva,C005,MegaSports,17,45.0,Buenos Aires,Tienda,F319973
2024-04-14,P007,Buzo Deportivo,C006,UrbanFit,17,150.0,Mendoza,Mayorista,F694927
2025-11-12,P010,Guantes Invierno,C010,Running World,7,70.0,Corrientes,Online,F951862
2023-04-10,P007,Buzo Deportivo,C001,Deportes SA,16,150.0,Chaco,Online,F564646
2023-08-11,P005,Medias Técnicas,C005,MegaSports,16,25.0,Chaco,Online,F806447
2025-01-18,P002,Remera Deportiva,C010,Running World,17,45.0,Mendoza,Online,F569942
2025-06-05,P008,Botines Futbol,C010,Running World,3,250.0,Mendoza,Mayorista,F527348
2023-03-28,P008,Botines Futbol,C007,Fitness Pro,9,250.0,Mendoza,Mayorista,F502121
2023-04-10,P006,Gorra Visera,C010,Running World,5,35.0,Tucumán,Tienda,F598014
2023-11-17,P010,Guantes Invierno,C004,Tiendas Centro,9,70.0,Tucumán,Tienda,F205767
2025-12-19,P003,Short Entrenamiento,C007,Fitness Pro,17,60.0,Chaco,Mayorista,F921838
2023-05-15,P010,Guantes Invierno,C007,Fitness Pro,14,70.0,Corrientes,Tienda,F802246
2023-06-26,P005,Medias Técnicas,C008,TodoDeporte,19,25.0,Mendoza,Tienda,F526279
2024-05-14,P003,Short Entrenamiento,C004,Tiendas Centro,20,60.0,Tucumán,Mayorista,F233836
2023-10-19,P002,Remera Deportiva,C006,UrbanFit,3,45.0,Mendoza,Tienda,F142662
2023-01-10,P001,Zapatillas Running,C004,Tiendas Centro,11,120.5,Entre Ríos,Mayorista,F383221
2025-01-20,P009,Mochila Gym,C001,Deportes SA,7,180.0,Córdoba,Online,F455193
2024-07-14,P004,Campera Rompeviento,C010,Running World,13,210.0,Chaco,Mayorista,F340919
2023-02-26,P003,Short Entrenamiento,C001,Deportes SA,3,60.0,Neuquén,Online,F592736
2023-03-02,P002,Remera Deportiva,C006,UrbanFit,8,45.0,Neuquén,Mayorista,F943860
2023-01-11,P003,Short Entrenamiento,C010,Running World,5,60.0,Santa Fe,Mayorista,F403825
2025-02-21,P001,Zapatillas Running,C007,Fitness Pro,14,120.5,Chaco,Mayorista,F291075
2025-07-11,P006,Gorra Visera,C009,ZonaActiva,20,35.0,Neuquén,Tienda,F305426
2025-06-10,P005,Medias Técnicas,C010,Running World,8,25.0,Entre Ríos,Online,F105398
2024-09-04,P004,Campera Rompeviento,C009,ZonaActiva,9,210.0,Entre Ríos,Mayorista,F623374
2024-04-02,P001,Zapatillas Running,C010,Running World,9,120.5,Santa Fe,Mayorista,F426331
2024-08-05,P006,Gorra Visera,C006,UrbanFit,6,35.0,Tucumán,Tienda,F291868
2025-11-07,P009,Mochila Gym,C001,Deportes SA,5,180.0,Buenos Aires,Tienda,F362065
2025-01-11,P002,Remera Deportiva,C010,Running World,20,45.0,Chaco,Online,F281118
2024-04-22,P002,Remera Deportiva,C001,Deportes SA,13,45.0,Corrientes,Mayorista,F789881
2024-07-17,P009,Mochila Gym,C010,Running World,15,180.0,Córdoba,Online,F980908
2025-05-16,P006,Gorra Visera,C003,Outlet Sur,11,35.0,Tucumán,Mayorista,F395063
2024-08-28,P007,Buzo Deportivo,C001,Deportes SA,7,150.0,Santa Fe,Online,F766691
2024-04-20,P004,Campera Rompeviento,C004,Tiendas Centro,14,210.0,Buenos Aires,Online,F261590
2023-01-04,P004,Campera Rompeviento,C003,Outlet Sur,2,210.0,Entre Ríos,Mayorista,F907855
2024-04-08,P008,Botines Futbol,C009,ZonaActiva,6,250.0,Santa Fe,Tienda,F242397
2025-03-11,P006,Gorra Visera,C009,ZonaActiva,17,35.0,Chaco,Tienda,F945839
2025-06-26,P001,Zapatillas Running,C005,MegaSports,8,120.5,Santa Fe,Mayorista,F272540
2024-05-05,P003,Short Entrenamiento,C003,Outlet Sur,4,60.0,Neuquén,Tienda,F979372
2025-09-22,P010,Guantes Invierno,C007,Fitness Pro,18,70.0,Corrientes,Mayorista,F972802
2024-12-13,P002,Remera Deportiva,C010,Running World,6,45.0,Entre Ríos,Online,F316847
2023-06-06,P001,Zapatillas Running,C002,Indumentaria Norte,1,120.5,Tucumán,Online,F106267
2025-02-22,P004,Campera Rompeviento,C002,Indumentaria Norte,17,210.0,Córdoba,Online,F248684
2024-03-19,P009,Mochila Gym,C006,UrbanFit,19,180.0,Entre Ríos,Tienda,F186126
2025-02-18,P001,Zapatillas Running,C005,MegaSports,7,120.5,Chaco,Online,F181640
2023-04-30,P002,Remera Deportiva,C006,UrbanFit,13,45.0,Entre Ríos,Tienda,F663992
2023-03-10,P006,Gorra Visera,C006,UrbanFit,18,35.0,Mendoza,Mayorista,F950879
2024-05-06,P010,Guantes Invierno,C005,MegaSports,13,70.0,Neuquén,Online,F157958
2024-04-15,P001,Zapatillas Running,C006,UrbanFit,8,120.5,Mendoza,Online,F266916
2023-02-26,P004,Campera Rompeviento,C009,ZonaActiva,9,210.0,Buenos Aires,Online,F933850
2023-10-17,P008,Botines Futbol,C008,TodoDeporte,1,250.0,Buenos Aires,Online,F404120
2023-05-17,P003,Short Entrenamiento,C010,Running World,3,60.0,Chaco,Mayorista,F712475
2024-12-03,P004,Campera Rompeviento,C010,Running World,17,210.0,Salta,Online,F283867
2025-11-29,P006,Gorra Visera,C009,ZonaActiva,12,35.0,Corrientes,Tienda,F810760
2025-07-20,P006,Gorra Visera,C002,Indumentaria Norte,5,35.0,Neuquén,Tienda,F790112
2025-11-03,P005,Medias Técnicas,C004,Tiendas Centro,18,25.0,Mendoza,Online,F618050
2024-11-09,P008,Botines Futbol,C002,Indumentaria Norte,2,250.0,Buenos Aires,Mayorista,F125006
2024-02-22,P003,Short Entrenamiento,C009,ZonaActiva,7,60.0,Chaco,Online,F158228
2024-03-01,P008,Botines Futbol,C010,Running World,20,250.0,Mendoza,Tienda,F447679
2023-02-26,P010,Guantes Invierno,C001,Deportes SA,10,70.0,Salta,Online,F691577
2024-11-26,P007,Buzo Deportivo,C006,UrbanFit,20,150.0,Corrientes,Tienda,F669256
2025-07-26,P010,Guantes Invierno,C004,Tiendas Centro,13,70.0,Mendoza,Mayorista,F781753
2024-06-07,P007,Buzo Deportivo,C007,Fitness Pro,1,150.0,Neuquén,Tienda,F839648
2024-06-09,P001,Zapatillas Running,C004,Tiendas Centro,14,120.5,Chaco,Mayorista,F389880
2024-05-09,P003,Short Entrenamiento,C006,UrbanFit,8,60.0,Córdoba,Online,F575223
2023-04-16,P003,Short Entrenamiento,C008,TodoDeporte,16,60.0,Chaco,Online,F903652
2023-04-07,P005,Medias Técnicas,C001,Deportes SA,11,25.0,Neuquén,Tienda,F865767
2024-12-24,P003,Short Entrenamiento,C005,MegaSports,3,60.0,Chaco,Tienda,F709783
2024-04-22,P002,Remera Deportiva,C004,Tiendas Centro,15,45.0,Buenos Aires,Tienda,F716048
2025-05-29,P001,Zapatillas Running,C002,Indumentaria Norte,14,120.5,Entre Ríos,Online,F386044
2024-07-11,P010,Guantes Invierno,C003,Outlet Sur,10,70.0,Córdoba,Tienda,F270753
2025-06-24,P008,Botines Futbol,C007,Fitness Pro,19,250.0,Entre Ríos,Online,F591104
2024-01-05,P004,Campera Rompeviento,C007,Fitness Pro,17,210.0,Buenos Aires,Tienda,F757931
2024-08-13,P007,Buzo Deportivo,C006,UrbanFit,17,150.0,Santa Fe,Online,F140998
2023-01-02,P009,Mochila Gym,C003,Outlet Sur,8,180.0,Santa Fe,Tienda,F101700
2023-09-15,P009,Mochila Gym,C007,Fitness Pro,15,180.0,Corrientes,Mayorista,F681662
2025-08-04,P003,Short Entrenamiento,C004,Tiendas Centro,10,60.0,Corrientes,Online,F897201
2025-05-14,P008,Botines Futbol,C005,MegaSports,20,250.0,Tucumán,Tienda,F930155
2023-05-09,P004,Campera Rompeviento,C003,Outlet Sur,19,210.0,Mendoza,Online,F196538
2025-06-22,P006,Gorra Visera,C002,Indumentaria Norte,9,35.0,Salta,Mayorista,F649077
2024-04-08,P009,Mochila Gym,C002,Indumentaria Norte,15,180.0,Salta,Mayorista,F409271
2024-04-15,P003,Short Entrenamiento,C006,UrbanFit,6,60.0,Salta,Mayorista,F816305
2025-02-28,P003,Short Entrenamiento,C005,MegaSports,9,60.0,Buenos Aires,Mayorista,F673424
2024-11-23,P006,Gorra Visera,C006,UrbanFit,16,35.0,Chaco,Mayorista,F417690
2024-06-17,P003,Short Entrenamiento,C002,Indumentaria Norte,14,60.0,Entre Ríos,Tienda,F492811
2025-04-22,P003,Short Entrenamiento,C006,UrbanFit,6,60.0,Tucumán,Tienda,F182846
2023-12-26,P005,Medias Técnicas,C007,Fitness Pro,10,25.0,Salta,Tienda,F311669
2024-04-12,P009,Mochila Gym,C009,ZonaActiva,5,180.0,Córdoba,Online,F965697
2025-03-23,P006,Gorra Visera,C007,Fitness Pro,10,35.0,Santa Fe,Online,F571699
2023-11-23,P008,Botines Futbol,C007,Fitness Pro,6,250.0,Córdoba,Mayorista,F643780
2025-09-16,P004,Campera Rompeviento,C001,Deportes SA,2,210.0,Tucumán,Tienda,F825730
2025-11-05,P010,Guantes Invierno,C005,MegaSports,13,70.0,Entre Ríos,Online,F879757
2025-04-11,P006,Gorra Visera,C003,Outlet Sur,4,35.0,Córdoba,Online,F377485
2025-05-25,P009,Mochila Gym,C002,Indumentaria Norte,7,180.0,Corrientes,Mayorista,F693189
2023-07-19,P007,Buzo Deportivo,C007,Fitness Pro,8,150.0,Mendoza,Tienda,F407940
2024-12-15,P003,Short Entrenamiento,C005,MegaSports,16,60.0,Mendoza,Mayorista,F220699
2024-07-06,P009,Mochila Gym,C007,Fitness Pro,17,180.0,Mendoza,Tienda,F670882
2025-07-18,P009,Mochila Gym,C006,UrbanFit,19,180.0,Chaco,Tienda,F606176
2024-10-21,P008,Botines Futbol,C004,Tiendas Centro,16,250.0,Neuquén,Tienda,F301195
2025-12-24,P004,Campera Rompeviento,C009,ZonaActiva,17,210.0,Santa Fe,Online,F412329
2024-01-05,P005,Medias Técnicas,C004,Tiendas Centro,10,25.0,Corrientes,Online,F747651
2025-12-22,P002,Remera Deportiva,C010,Running World,5,45.0,Chaco,Online,F631745
2024-10-14,P005,Medias Técnicas,C009,ZonaActiva,14,25.0,Buenos Aires,Mayorista,F901692
2023-08-18,P009,Mochila Gym,C010,Running World,6,180.0,Neuquén,Mayorista,F887420
2023-12-02,P003,Short Entrenamiento,C001,Deportes SA,7,60.0,Entre Ríos,Tienda,F869878
2025-12-17,P009,Mochila Gym,C010,Running World,12,180.0,Chaco,Online,F788728
2025-05-21,P003,Short Entrenamiento,C003,Outlet Sur,15,60.0,Entre Ríos,Mayorista,F432262
2023-02-06,P009,Mochila Gym,C003,Outlet Sur,12,180.0,Corrientes,Mayorista,F504793
2025-06-17,P004,Campera Rompeviento,C009,ZonaActiva,1,210.0,Córdoba,Online,F800031
2024-12-27,P003,Short Entrenamiento,C009,ZonaActiva,18,60.0,Neuquén,Online,F590502
2025-01-14,P008,Botines Futbol,C007,Fitness Pro,20,250.0,Chaco,Tienda,F202609
2025-02-24,P008,Botines Futbol,C002,Indumentaria Norte,9,250.0,Córdoba,Online,F193581
2024-06-27,P010,Guantes Invierno,C005,MegaSports,18,70.0,Tucumán,Tienda,F342006
2024-09-16,P010,Guantes Invierno,C001,Deportes SA,9,70.0,Santa Fe,Mayorista,F228737
2023-07-30,P008,Botines Futbol,C001,Deportes SA,15,250.0,Tucumán,Mayorista,F253490
2025-10-28,P004,Campera Rompeviento,C007,Fitness Pro,10,210.0,Córdoba,Online,F549001
2023-07-31,P009,Mochila Gym,C004,Tiendas Centro,13,180.0,Buenos Aires,Mayorista,F475771
2025-06-08,P003,Short Entrenamiento,C004,Tiendas Centro,18,60.0,Tucumán,Online,F804056
2025-08-13,P005,Medias Técnicas,C007,Fitness Pro,13,25.0,Córdoba,Mayorista,F363726
2024-10-21,P008,Botines Futbol,C002,Indumentaria Norte,5,250.0,Neuquén,Tienda,F751028
2024-05-22,P002,Remera Deportiva,C007,Fitness Pro,9,45.0,Santa Fe,Online,F196676
2025-07-09,P003,Short Entrenamiento,C008,TodoDeporte,11,60.0,Entre Ríos,Mayorista,F955434
2025-08-22,P009,Mochila Gym,C001,Deportes SA,4,180.0,Chaco,Online,F366624
2024-03-27,P006,Gorra Visera,C008,TodoDeporte,2,35.0,Buenos Aires,Online,F346592
2024-10-12,P010,Guantes Invierno,C008,TodoDeporte,18,70.0,Salta,Mayorista,F156645
2025-12-21,P003,Short Entrenamiento,C006,UrbanFit,9,60.0,Neuquén,Mayorista,F665705
2024-11-29,P008,Botines Futbol,C001,Deportes SA,16,250.0,Córdoba,Tienda,F603922
2025-07-27,P006,Gorra Visera,C003,Outlet Sur,16,35.0,Mendoza,Online,F177118
2024-12-02,P001,Zapatillas Running,C008,TodoDeporte,19,120.5,Entre Ríos,Tienda,F182097
2023-07-18,P004,Campera Rompeviento,C003,Outlet Sur,19,210.0,Córdoba,Online,F681963
2025-11-01,P002,Remera Deportiva,C006,UrbanFit,15,45.0,Neuquén,Online,F333160
2023-11-10,P010,Guantes Invierno,C001,Deportes SA,19,70.0,Neuquén,Online,F650902
2025-10-24,P010,Guantes Invierno,C003,Outlet Sur,15,70.0,Corrientes,Tienda,F704057
2023-12-18,P010,Guantes Invierno,C008,TodoDeporte,5,70.0,Chaco,Online,F162947
2023-04-29,P005,Medias Técnicas,C002,Indumentaria Norte,11,25.0,Mendoza,Mayorista,F788360
2024-11-18,P009,Mochila Gym,C002,Indumentaria Norte,15,180.0,Córdoba,Online,F381679
2023-09-13,P006,Gorra Visera,C005,MegaSports,15,35.0,Entre Ríos,Mayorista,F887574
2023-04-19,P009,Mochila Gym,C003,Outlet Sur,1,180.0,Buenos Aires,Mayorista,F903165
2024-09-13,P001,Zapatillas Running,C006,UrbanFit,20,120.5,Tucumán,Online,F304444
2025-07-28,P007,Buzo Deportivo,C005,MegaSports,5,150.0,Chaco,Mayorista,F936482
2023-06-21,P001,Zapatillas Running,C003,Outlet Sur,11,120.5,Tucumán,Tienda,F940332
2025-06-08,P008,Botines Futbol,C003,Outlet Sur,7,250.0,Tucumán,Online,F362049
2025-05-13,P005,Medias Técnicas,C001,Deportes SA,14,25.0,Buenos Aires,Tienda,F939768
2023-11-13,P006,Gorra Visera,C005,MegaSports,17,35.0,Córdoba,Online,F350618
2023-06-05,P005,Medias Técnicas,C007,Fitness Pro,10,25.0,Mendoza,Mayorista,F334203
2024-08-06,P001,Zapatillas Running,C009,ZonaActiva,18,120.5,Córdoba,Online,F981319
2024-02-19,P003,Short Entrenamiento,C009,ZonaActiva,13,60.0,Corrientes,Online,F448386
2025-10-16,P001,Zapatillas Running,C001,Deportes SA,14,120.5,Corrientes,Tienda,F668571
2023-03-07,P001,Zapatillas Running,C002,Indumentaria Norte,15,120.5,Salta,Tienda,F354130
2025-08-23,P005,Medias Técnicas,C007,Fitness Pro,20,25.0,Entre Ríos,Mayorista,F208707
2023-11-29,P004,Campera Rompeviento,C002,Indumentaria Norte,15,210.0,Corrientes,Mayorista,F906447
2024-05-10,P002,Remera Deportiva,C004,Tiendas Centro,7,45.0,Tucumán,Tienda,F430419
2025-01-07,P003,Short Entrenamiento,C007,Fitness Pro,3,60.0,Entre Ríos,Tienda,F646870
2023-11-30,P008,Botines Futbol,C005,MegaSports,15,250.0,Corrientes,Online,F724899
2023-07-19,P005,Medias Técnicas,C001,Deportes SA,18,25.0,Buenos Aires,Mayorista,F326523
2023-01-23,P003,Short Entrenamiento,C008,TodoDeporte,19,60.0,Buenos Aires,Online,F662389
2024-12-10,P001,Zapatillas Running,C007,Fitness Pro,7,120.5,Tucumán,Mayorista,F181107
2024-01-14,P004,Campera Rompeviento,C002,Indumentaria Norte,19,210.0,Santa Fe,Mayorista,F110514
2023-10-18,P010,Guantes Invierno,C008,TodoDeporte,12,70.0,Entre Ríos,Online,F969614
2025-03-12,P006,Gorra Visera,C007,Fitness Pro,7,35.0,Corrientes,Tienda,F670911
2025-04-30,P010,Guantes Invierno,C004,Tiendas Centro,16,70.0,Chaco,Online,F355262
2025-02-24,P008,Botines Futbol,C004,Tiendas Centro,6,250.0,Tucumán,Mayorista,F873960
2025-11-11,P002,Remera Deportiva,C004,Tiendas Centro,12,45.0,Entre Ríos,Tienda,F261684
2025-01-08,P002,Remera Deportiva,C008,TodoDeporte,6,45.0,Tucumán,Tienda,F702509
2025-01-30,P008,Botines Futbol,C009,ZonaActiva,8,250.0,Chaco,Online,F611128
2025-03-23,P006,Gorra Visera,C001,Deportes SA,5,35.0,Buenos Aires,Online,F893258
2023-04-24,P001,Zapatillas Running,C003,Outlet Sur,17,120.5,Salta,Online,F256376
2024-08-21,P009,Mochila Gym,C009,ZonaActiva,8,180.0,Neuquén,Tienda,F772392
2024-01-05,P006,Gorra Visera,C001,Deportes SA,2,35.0,Buenos Aires,Tienda,F799567
2025-07-26,P002,Remera Deportiva,C001,Deportes SA,4,45.0,Chaco,Mayorista,F126606
2025-09-14,P006,Gorra Visera,C006,UrbanFit,8,35.0,Chaco,Online,F372968
2025-12-05,P002,Remera Deportiva,C002,Indumentaria Norte,12,45.0,Neuquén,Tienda,F708683
2023-10-21,P005,Medias Técnicas,C007,Fitness Pro,12,25.0,Mendoza,Online,F642572
2024-02-22,P002,Remera Deportiva,C007,Fitness Pro,15,45.0,Buenos Aires,Tienda,F997978
2023-05-07,P009,Mochila Gym,C005,MegaSports,2,180.0,Buenos Aires,Tienda,F924985
2023-06-06,P001,Zapatillas Running,C004,Tiendas Centro,7,120.5,Salta,Online,F837634
2025-01-02,P007,Buzo Deportivo,C003,Outlet Sur,11,150.0,Santa Fe,Tienda,F573544
2025-11-29,P009,Mochila Gym,C004,Tiendas Centro,2,180.0,Neuquén,Tienda,F705543
2025-09-17,P008,Botines Futbol,C005,MegaSports,7,250.0,Córdoba,Tienda,F527869
2025-10-04,P004,Campera Rompeviento,C003,Outlet Sur,12,210.0,Tucumán,Online,F256674
2025-03-15,P006,Gorra Visera,C002,Indumentaria Norte,12,35.0,Entre Ríos,Tienda,F637957
2025-07-02,P003,Short Entrenamiento,C007,Fitness Pro,20,60.0,Tucumán,Online,F576359
2024-07-26,P005,Medias Técnicas,C003,Outlet Sur,19,25.0,Santa Fe,Online,F751082
2024-05-01,P010,Guantes Invierno,C003,Outlet Sur,19,70.0,Mendoza,Tienda,F861310
2025-02-12,P007,Buzo Deportivo,C003,Outlet Sur,19,150.0,Corrientes,Mayorista,F410975
2024-07-22,P003,Short Entrenamiento,C008,TodoDeporte,19,60.0,Mendoza,Tienda,F478694
2023-10-26,P010,Guantes Invierno,C002,Indumentaria Norte,11,70.0,Corrientes,Online,F131540
2023-09-26,P009,Mochila Gym,C004,Tiendas Centro,7,180.0,Córdoba,Online,F446271
2024-05-18,P010,Guantes Invierno,C010,Running World,13,70.0,Mendoza,Online,F231996
2023-03-30,P002,Remera Deportiva,C006,UrbanFit,4,45.0,Santa Fe,Mayorista,F548222
2023-12-24,P001,Zapatillas Running,C004,Tiendas Centro,13,120.5,Neuquén,Online,F189514
2023-07-31,P003,Short Entrenamiento,C001,Deportes SA,3,60.0,Córdoba,Online,F477693
2025-09-27,P002,Remera Deportiva,C006,UrbanFit,12,45.0,Córdoba,Tienda,F847575
2023-06-09,P004,Campera Rompeviento,C005,MegaSports,4,210.0,Tucumán,Tienda,F536777
2023-10-11,P007,Buzo Deportivo,C009,ZonaActiva,5,150.0,Córdoba,Online,F182376
2025-06-07,P006,Gorra Visera,C006,UrbanFit,20,35.0,Mendoza,Tienda,F623570
2025-02-23,P006,Gorra Visera,C002,Indumentaria Norte,14,35.0,Santa Fe,Online,F835062
2024-07-20,P004,Campera Rompeviento,C005,MegaSports,19,210.0,Corrientes,Online,F856125
2023-05-03,P010,Guantes Invierno,C007,Fitness Pro,9,70.0,Neuquén,Tienda,F788764
2024-11-08,P001,Zapatillas Running,C010,Running World,13,120.5,Corrientes,Online,F926105
2023-03-31,P004,Campera Rompeviento,C004,Tiendas Centro,15,210.0,Tucumán,Mayorista,F459990
2023-02-28,P005,Medias Técnicas,C001,Deportes SA,6,25.0,Entre Ríos,Tienda,F506824
2025-03-27,P004,Campera Rompeviento,C008,TodoDeporte,15,210.0,Chaco,Online,F205300
2023-09-15,P010,Guantes Invierno,C006,UrbanFit,20,70.0,Tucumán,Mayorista,F234314
2024-09-06,P004,Campera Rompeviento,C004,Tiendas Centro,8,210.0,Tucumán,Tienda,F414640
2024-09-07,P008,Botines Futbol,C006,UrbanFit,12,250.0,Corrientes,Online,F273207
2025-11-23,P009,Mochila Gym,C004,Tiendas Centro,14,180.0,Chaco,Tienda,F888272
2024-05-06,P004,Campera Rompeviento,C002,Indumentaria Norte,8,210.0,Santa Fe,Mayorista,F308456
2025-08-17,P006,Gorra Visera,C010,Running World,10,35.0,Chaco,Mayorista,F695252
2024-03-03,P009,Mochila Gym,C001,Deportes SA,14,180.0,Tucumán,Mayorista,F674634
2024-05-30,P008,Botines Futbol,C004,Tiendas Centro,15,250.0,Tucumán,Tienda,F526554
2025-11-18,P010,Guantes Invierno,C008,TodoDeporte,16,70.0,Entre Ríos,Tienda,F728137
2023-04-28,P002,Remera Deportiva,C002,Indumentaria Norte,2,45.0,Buenos Aires,Online,F994763
2024-08-01,P002,Remera Deportiva,C009,ZonaActiva,11,45.0,Entre Ríos,Tienda,F419456
2025-06-27,P004,Campera Rompeviento,C009,ZonaActiva,18,210.0,Salta,Tienda,F743081
2024-04-10,P005,Medias Técnicas,C002,Indumentaria Norte,20,25.0,Salta,Tienda,F863599
2023-12-27,P003,Short Entrenamiento,C009,ZonaActiva,7,60.0,Chaco,Tienda,F956323
2024-08-26,P006,Gorra Visera,C006,UrbanFit,20,35.0,Santa Fe,Online,F103882
2025-09-28,P003,Short Entrenamiento,C010,Running World,12,60.0,Entre Ríos,Online,F873561
2025-12-27,P008,Botines Futbol,C005,MegaSports,17,250.0,Santa Fe,Mayorista,F990896
2025-01-16,P005,Medias Técnicas,C010,Running World,17,25.0,Neuquén,Mayorista,F784333
2023-01-25,P001,Zapatillas Running,C007,Fitness Pro,1,120.5,Entre Ríos,Online,F857159
2023-08-13,P002,Remera Deportiva,C008,TodoDeporte,8,45.0,Santa Fe,Online,F769589
2023-12-05,P002,Remera Deportiva,C008,TodoDeporte,13,45.0,Mendoza,Tienda,F963113
2024-10-24,P005,Medias Técnicas,C002,Indumentaria Norte,2,25.0,Entre Ríos,Tienda,F996974
2023-04-04,P008,Botines Futbol,C008,TodoDeporte,2,250.0,Entre Ríos,Online,F611970
2025-02-07,P004,Campera Rompeviento,C006,UrbanFit,20,210.0,Chaco,Mayorista,F169381
2023-10-02,P010,Guantes Invierno,C009,ZonaActiva,18,70.0,Corrientes,Tienda,F682653
2023-01-05,P006,Gorra Visera,C009,ZonaActiva,9,35.0,Salta,Tienda,F751580
2025-03-13,P009,Mochila Gym,C010,Running World,11,180.0,Mendoza,Tienda,F371786
2024-05-31,P005,Medias Técnicas,C001,Deportes SA,6,25.0,Entre Ríos,Tienda,F355465
2024-10-28,P002,Remera Deportiva,C003,Outlet Sur,7,45.0,Santa Fe,Tienda,F231489
2024-07-07,P009,Mochila Gym,C005,MegaSports,15,180.0,Córdoba,Mayorista,F896149
2025-11-18,P009,Mochila Gym,C001,Deportes SA,13,180.0,Chaco,Mayorista,F583144
2024-06-24,P010,Guantes Invierno,C009,ZonaActiva,13,70.0,Entre Ríos,Tienda,F768018
2025-12-15,P007,Buzo Deportivo,C007,Fitness Pro,4,150.0,Corrientes,Tienda,F157224
2025-05-07,P007,Buzo Deportivo,C009,ZonaActiva,20,150.0,Santa Fe,Tienda,F366409
2025-07-05,P006,Gorra Visera,C008,TodoDeporte,18,35.0,Buenos Aires,Mayorista,F167375
2024-12-17,P005,Medias Técnicas,C006,UrbanFit,20,25.0,Salta,Mayorista,F161118
2025-10-06,P007,Buzo Deportivo,C009,ZonaActiva,5,150.0,Entre Ríos,Online,F272158
2025-02-18,P008,Botines Futbol,C009,ZonaActiva,20,250.0,Córdoba,Mayorista,F103339
2024-02-20,P008,Botines Futbol,C007,Fitness Pro,5,250.0,Salta,Online,F312867
2023-11-06,P007,Buzo Deportivo,C001,Deportes SA,4,150.0,Neuquén,Tienda,F671767
2023-07-27,P010,Guantes Invierno,C003,Outlet Sur,8,70.0,Entre Ríos,Mayorista,F587393
2023-09-21,P010,Guantes Invierno,C008,TodoDeporte,19,70.0,Buenos Aires,Online,F828291
2023-03-09,P002,Remera Deportiva,C010,Running World,10,45.0,Corrientes,Online,F273008
2023-07-23,P007,Buzo Deportivo,C008,TodoDeporte,10,150.0,Neuquén,Tienda,F993882
2025-08-16,P005,Medias Técnicas,C004,Tiendas Centro,6,25.0,Tucumán,Mayorista,F801883
2024-01-02,P009,Mochila Gym,C005,MegaSports,18,180.0,Salta,Online,F596080
2023-01-17,P009,Mochila Gym,C004,Tiendas Centro,4,180.0,Entre Ríos,Tienda,F691900
2024-09-12,P009,Mochila Gym,C002,Indumentaria Norte,19,180.0,Neuquén,Tienda,F517392
2023-08-04,P009,Mochila Gym,C006,UrbanFit,14,180.0,Buenos Aires,Mayorista,F978577
2024-05-26,P002,Remera Deportiva,C003,Outlet Sur,4,45.0,Chaco,Mayorista,F540459
2023-01-09,P010,Guantes Invierno,C008,TodoDeporte,16,70.0,Entre Ríos,Online,F935213
2023-03-31,P004,Campera Rompeviento,C001,Deportes SA,9,210.0,Santa Fe,Online,F757543
2025-09-08,P006,Gorra Visera,C010,Running World,18,35.0,Salta,Tienda,F801843
2023-10-31,P007,Buzo Deportivo,C010,Running World,10,150.0,Santa Fe,Tienda,F280543
2025-06-30,P005,Medias Técnicas,C006,UrbanFit,8,25.0,Buenos Aires,Tienda,F850271
2025-08-18,P006,Gorra Visera,C002,Indumentaria Norte,18,35.0,Buenos Aires,Online,F690311
2025-10-14,P001,Zapatillas Running,C008,TodoDeporte,18,120.5,Mendoza,Online,F263462
2024-07-14,P004,Campera Rompeviento,C005,MegaSports,16,210.0,Tucumán,Tienda,F233286
2023-12-09,P007,Buzo Deportivo,C004,Tiendas Centro,2,150.0,Mendoza,Online,F651058
2023-08-05,P006,Gorra Visera,C001,Deportes SA,10,35.0,Corrientes,Online,F875961
2023-11-29,P003,Short Entrenamiento,C010,Running World,1,60.0,Neuquén,Online,F388076
2024-06-23,P005,Medias Técnicas,C005,MegaSports,6,25.0,Córdoba,Online,F104918
2024-11-24,P006,Gorra Visera,C006,UrbanFit,20,35.0,Mendoza,Tienda,F649665
2023-12-08,P007,Buzo Deportivo,C006,UrbanFit,6,150.0,Santa Fe,Online,F590750
2024-08-29,P002,Remera Deportiva,C002,Indumentaria Norte,12,45.0,Mendoza,Online,F400910
2025-12-19,P006,Gorra Visera,C001,Deportes SA,8,35.0,Corrientes,Tienda,F232284
2023-01-04,P009,Mochila Gym,C009,ZonaActiva,4,180.0,Mendoza,Online,F596806
2023-06-01,P004,Campera Rompeviento,C002,Indumentaria Norte,19,210.0,Salta,Tienda,F378457
2025-01-19,P007,Buzo Deportivo,C009,ZonaActiva,19,150.0,Mendoza,Online,F594995
2023-08-01,P010,Guantes Invierno,C005,MegaSports,16,70.0,Salta,Mayorista,F809788
2023-12-07,P002,Remera Deportiva,C007,Fitness Pro,1,45.0,Tucumán,Online,F360365
2025-11-07,P006,Gorra Visera,C007,Fitness Pro,18,35.0,Buenos Aires,Mayorista,F791167
2025-12-04,P004,Campera Rompeviento,C010,Running World,15,210.0,Buenos Aires,Mayorista,F888968
2025-07-07,P005,Medias Técnicas,C009,ZonaActiva,5,25.0,Córdoba,Online,F257316
2024-01-18,P009,Mochila Gym,C004,Tiendas Centro,16,180.0,Chaco,Online,F188280
2025-11-03,P010,Guantes Invierno,C008,TodoDeporte,2,70.0,Entre Ríos,Mayorista,F877205
2024-12-09,P009,Mochila Gym,C007,Fitness Pro,10,180.0,Salta,Tienda,F806671
2023-06-04,P001,Zapatillas Running,C007,Fitness Pro,14,120.5,Entre Ríos,Mayorista,F759774
2023-08-31,P004,Campera Rompeviento,C004,Tiendas Centro,8,210.0,Chaco,Tienda,F678764
2025-06-14,P003,Short Entrenamiento,C008,TodoDeporte,10,60.0,Corrientes,Mayorista,F539179
2023-05-25,P010,Guantes Invierno,C006,UrbanFit,7,70.0,Entre Ríos,Online,F285506
2023-09-02,P004,Campera Rompeviento,C008,TodoDeporte,10,210.0,Salta,Mayorista,F688729
2024-02-12,P006,Gorra Visera,C001,Deportes SA,7,35.0,Mendoza,Mayorista,F982157
2023-07-29,P010,Guantes Invierno,C006,UrbanFit,5,70.0,Córdoba,Mayorista,F401989
2025-09-11,P006,Gorra Visera,C004,Tiendas Centro,15,35.0,Chaco,Mayorista,F770618
2024-06-01,P002,Remera Deportiva,C010,Running World,12,45.0,Entre Ríos,Online,F680269
2023-04-01,P007,Buzo Deportivo,C004,Tiendas Centro,11,150.0,Corrientes,Tienda,F553296
2024-11-24,P007,Buzo Deportivo,C004,Tiendas Centro,12,150.0,Salta,Tienda,F735841
2024-11-05,P008,Botines Futbol,C002,Indumentaria Norte,10,250.0,Santa Fe,Mayorista,F174256
2023-10-04,P005,Medias Técnicas,C005,MegaSports,14,25.0,Chaco,Mayorista,F899584
2024-01-22,P003,Short Entrenamiento,C008,TodoDeporte,10,60.0,Córdoba,Mayorista,F941722
2025-05-16,P002,Remera Deportiva,C003,Outlet Sur,10,45.0,Buenos Aires,Tienda,F892120
2023-09-05,P010,Guantes Invierno,C006,UrbanFit,2,70.0,Mendoza,Tienda,F226979
2023-02-10,P008,Botines Futbol,C006,UrbanFit,19,250.0,Salta,Online,F545594
2024-08-05,P006,Gorra Visera,C002,Indumentaria Norte,4,35.0,Entre Ríos,Mayorista,F493667
2025-04-11,P003,Short Entrenamiento,C003,Outlet Sur,13,60.0,Santa Fe,Tienda,F451614
2025-06-16,P007,Buzo Deportivo,C001,Deportes SA,6,150.0,Chaco,Tienda,F127109
2023-03-31,P001,Zapatillas Running,C007,Fitness Pro,9,120.5,Salta,Mayorista,F302792
2024-01-13,P007,Buzo Deportivo,C006,UrbanFit,7,150.0,Chaco,Tienda,F629757
2023-10-18,P007,Buzo Deportivo,C008,TodoDeporte,3,150.0,Neuquén,Tienda,F927597
2024-06-23,P005,Medias Técnicas,C004,Tiendas Centro,1,25.0,Mendoza,Online,F178825
2024-01-12,P001,Zapatillas Running,C003,Outlet Sur,9,120.5,Buenos Aires,Tienda,F390906
2025-12-01,P001,Zapatillas Running,C003,Outlet Sur,15,120.5,Santa Fe,Online,F316015
2023-01-25,P006,Gorra Visera,C010,Running World,7,35.0,Salta,Online,F762376
2025-08-31,P009,Mochila Gym,C008,TodoDeporte,5,180.0,Córdoba,Tienda,F444849
2024-04-06,P007,Buzo Deportivo,C009,ZonaActiva,1,150.0,Mendoza,Mayorista,F302518
2025-08-09,P001,Zapatillas Running,C009,ZonaActiva,5,120.5,Corrientes,Tienda,F340419
2023-06-01,P006,Gorra Visera,C005,MegaSports,3,35.0,Santa Fe,Tienda,F212056
2023-06-02,P004,Campera Rompeviento,C005,MegaSports,4,210.0,Neuquén,Mayorista,F760469
2024-03-07,P003,Short Entrenamiento,C008,TodoDeporte,18,60.0,Salta,Online,F289146
2023-10-14,P003,Short Entrenamiento,C009,ZonaActiva,1,60.0,Salta,Tienda,F848624
2025-04-18,P006,Gorra Visera,C003,Outlet Sur,3,35.0,Entre Ríos,Tienda,F476571
2024-09-24,P008,Botines Futbol,C001,Deportes SA,3,250.0,Tucumán,Tienda,F466897
2023-04-08,P002,Remera Deportiva,C006,UrbanFit,11,45.0,Chaco,Mayorista,F635282
2024-01-09,P008,Botines Futbol,C010,Running World,3,250.0,Buenos Aires,Online,F192982
2024-09-03,P006,Gorra Visera,C004,Tiendas Centro,3,35.0,Chaco,Tienda,F738133
2024-11-10,P002,Remera Deportiva,C004,Tiendas Centro,10,45.0,Buenos Aires,Online,F903421
2024-02-28,P005,Medias Técnicas,C001,Deportes SA,11,25.0,Córdoba,Mayorista,F907494
2025-11-13,P002,Remera Deportiva,C010,Running World,5,45.0,Neuquén,Tienda,F748150
2025-01-17,P001,Zapatillas Running,C006,UrbanFit,19,120.5,Buenos Aires,Mayorista,F340488
2025-03-09,P008,Botines Futbol,C008,TodoDeporte,2,250.0,Corrientes,Tienda,F617427
2024-06-30,P002,Remera Deportiva,C004,Tiendas Centro,14,45.0,Salta,Mayorista,F251157
2023-01-28,P008,Botines Futbol,C010,Running World,5,250.0,Corrientes,Mayorista,F133452
2025-08-04,P001,Zapatillas Running,C002,Indumentaria Norte,8,120.5,Entre Ríos,Mayorista,F453659
2024-10-22,P002,Remera Deportiva,C002,Indumentaria Norte,15,45.0,Mendoza,Tienda,F827846
2024-08-27,P010,Guantes Invierno,C003,Outlet Sur,7,70.0,Santa Fe,Online,F542995
2025-03-14,P002,Remera Deportiva,C006,UrbanFit,15,45.0,Mendoza,Online,F346863
2024-10-24,P009,Mochila Gym,C005,MegaSports,4,180.0,Corrientes,Online,F403394
2024-12-12,P007,Buzo Deportivo,C004,Tiendas Centro,8,150.0,Tucumán,Mayorista,F496951
2023-11-21,P005,Medias Técnicas,C004,Tiendas Centro,12,25.0,Santa Fe,Tienda,F477988
2024-06-30,P001,Zapatillas Running,C009,ZonaActiva,13,120.5,Entre Ríos,Online,F759260
2025-05-20,P004,Campera Rompeviento,C008,TodoDeporte,14,210.0,Entre Ríos,Mayorista,F763092
2025-07-06,P004,Campera Rompeviento,C004,Tiendas Centro,2,210.0,Corrientes,Mayorista,F783516
2025-06-11,P002,Remera Deportiva,C008,TodoDeporte,5,45.0,Salta,Tienda,F545736
2024-01-03,P006,Gorra Visera,C003,Outlet Sur,1,35.0,Buenos Aires,Online,F267916
2024-06-08,P003,Short Entrenamiento,C002,Indumentaria Norte,6,60.0,Salta,Tienda,F217769
2025-11-30,P009,Mochila Gym,C007,Fitness Pro,10,180.0,Buenos Aires,Mayorista,F116207
2024-08-31,P004,Campera Rompeviento,C008,TodoDeporte,2,210.0,Corrientes,Tienda,F702375
2024-10-18,P008,Botines Futbol,C002,Indumentaria Norte,4,250.0,Salta,Online,F954218
2024-11-15,P005,Medias Técnicas,C002,Indumentaria Norte,10,25.0,Buenos Aires,Online,F783429
2024-11-19,P001,Zapatillas Running,C008,TodoDeporte,20,120.5,Santa Fe,Mayorista,F526363
2025-01-21,P003,Short Entrenamiento,C001,Deportes SA,7,60.0,Chaco,Online,F716818
2023-09-27,P006,Gorra Visera,C007,Fitness Pro,19,35.0,Mendoza,Mayorista,F273215
2023-06-20,P009,Mochila Gym,C008,TodoDeporte,4,180.0,Buenos Aires,Online,F100830
2024-05-17,P001,Zapatillas Running,C001,Deportes SA,10,120.5,Tucumán,Tienda,F900061
2024-11-12,P002,Remera Deportiva,C004,Tiendas Centro,11,45.0,Córdoba,Tienda,F564910
2025-10-30,P008,Botines Futbol,C005,MegaSports,5,250.0,Corrientes,Tienda,F104871
2023-08-22,P008,Botines Futbol,C001,Deportes SA,20,250.0,Salta,Mayorista,F867734
2025-06-30,P005,Medias Técnicas,C004,Tiendas Centro,15,25.0,Chaco,Tienda,F267447
2024-02-04,P001,Zapatillas Running,C005,MegaSports,8,120.5,Salta,Mayorista,F806882
2025-10-25,P005,Medias Técnicas,C010,Running World,12,25.0,Chaco,Online,F861692
2024-01-27,P007,Buzo Deportivo,C003,Outlet Sur,16,150.0,Corrientes,Mayorista,F907918
2025-12-10,P002,Remera Deportiva,C009,ZonaActiva,1,45.0,Mendoza,Tienda,F428470
2024-05-13,P007,Buzo Deportivo,C008,TodoDeporte,3,150.0,Santa Fe,Tienda,F452547
2024-12-16,P006,Gorra Visera,C002,Indumentaria Norte,13,35.0,Neuquén,Mayorista,F961765
2023-05-26,P010,Guantes Invierno,C010,Running World,4,70.0,Corrientes,Online,F540263
2024-10-25,P007,Buzo Deportivo,C007,Fitness Pro,8,150.0,Chaco,Online,F455517
2023-09-18,P001,Zapatillas Running,C009,ZonaActiva,19,120.5,Chaco,Tienda,F589243
2025-01-17,P007,Buzo Deportivo,C002,Indumentaria Norte,12,150.0,Neuquén,Tienda,F777881
2023-11-09,P005,Medias Técnicas,C004,Tiendas Centro,9,25.0,Neuquén,Mayorista,F439032
2024-11-14,P007,Buzo Deportivo,C007,Fitness Pro,9,150.0,Corrientes,Mayorista,F633613
2024-07-14,P005,Medias Técnicas,C010,Running World,11,25.0,Tucumán,Online,F919665
2025-04-05,P007,Buzo Deportivo,C004,Tiendas Centro,19,150.0,Mendoza,Tienda,F203690
2023-04-27,P010,Guantes Invierno,C004,Tiendas Centro,7,70.0,Salta,Tienda,F540522
2024-07-18,P001,Zapatillas Running,C006,UrbanFit,13,120.5,Santa Fe,Tienda,F623961
2024-11-10,P010,Guantes Invierno,C007,Fitness Pro,12,70.0,Tucumán,Tienda,F120725
2024-07-08,P005,Medias Técnicas,C006,UrbanFit,12,25.0,Corrientes,Tienda,F414510
2023-02-21,P006,Gorra Visera,C006,UrbanFit,15,35.0,Tucumán,Online,F588480
2025-05-06,P007,Buzo Deportivo,C010,Running World,17,150.0,Corrientes,Online,F412956
2025-03-14,P004,Campera Rompeviento,C001,Deportes SA,3,210.0,Córdoba,Tienda,F734123
2024-08-22,P003,Short Entrenamiento,C002,Indumentaria Norte,3,60.0,Salta,Mayorista,F109334
2025-08-14,P002,Remera Deportiva,C003,Outlet Sur,9,45.0,Tucumán,Mayorista,F149567
2023-06-30,P008,Botines Futbol,C007,Fitness Pro,19,250.0,Neuquén,Online,F189818
2025-02-22,P002,Remera Deportiva,C009,ZonaActiva,17,45.0,Tucumán,Online,F912106
2024-08-28,P010,Guantes Invierno,C009,ZonaActiva,13,70.0,Buenos Aires,Mayorista,F930375
2025-12-07,P008,Botines Futbol,C007,Fitness Pro,14,250.0,Corrientes,Mayorista,F163776
2025-04-30,P001,Zapatillas Running,C008,TodoDeporte,7,120.5,Tucumán,Tienda,F872328
2024-11-23,P001,Zapatillas Running,C005,MegaSports,14,120.5,Corrientes,Mayorista,F399814
2024-01-30,P002,Remera Deportiva,C002,Indumentaria Norte,16,45.0,Buenos Aires,Mayorista,F235392
2023-12-24,P009,Mochila Gym,C002,Indumentaria Norte,18,180.0,Mendoza,Tienda,F115100
2024-03-19,P005,Medias Técnicas,C008,TodoDeporte,11,25.0,Santa Fe,Mayorista,F692653
2024-06-01,P001,Zapatillas Running,C006,UrbanFit,13,120.5,Santa Fe,Tienda,F638573
2023-11-05,P003,Short Entrenamiento,C003,Outlet Sur,18,60.0,Corrientes,Mayorista,F987321
2025-08-07,P003,Short Entrenamiento,C002,Indumentaria Norte,14,60.0,Chaco,Online,F310042
2025-01-08,P004,Campera Rompeviento,C008,TodoDeporte,2,210.0,Mendoza,Mayorista,F262846
2025-06-29,P007,Buzo Deportivo,C006,UrbanFit,19,150.0,Chaco,Tienda,F235659
2023-10-12,P009,Mochila Gym,C010,Running World,20,180.0,Córdoba,Mayorista,F526508
2025-08-02,P005,Medias Técnicas,C002,Indumentaria Norte,1,25.0,Corrientes,Tienda,F596175
2025-12-04,P005,Medias Técnicas,C002,Indumentaria Norte,15,25.0,Chaco,Mayorista,F615900
2023-08-01,P010,Guantes Invierno,C007,Fitness Pro,13,70.0,Entre Ríos,Mayorista,F349952
2025-12-14,P003,Short Entrenamiento,C008,TodoDeporte,2,60.0,Entre Ríos,Tienda,F223538
2023-05-30,P010,Guantes Invierno,C003,Outlet Sur,11,70.0,Córdoba,Tienda,F386420
2023-03-23,P009,Mochila Gym,C005,MegaSports,11,180.0,Mendoza,Mayorista,F471075
2023-11-13,P001,Zapatillas Running,C002,Indumentaria Norte,5,120.5,Neuquén,Mayorista,F722395
2023-04-29,P006,Gorra Visera,C005,MegaSports,6,35.0,Santa Fe,Tienda,F684758
2024-03-10,P008,Botines Futbol,C003,Outlet Sur,7,250.0,Buenos Aires,Online,F852496
2023-08-16,P009,Mochila Gym,C005,MegaSports,17,180.0,Corrientes,Tienda,F724795
2025-01-14,P001,Zapatillas Running,C004,Tiendas Centro,13,120.5,Corrientes,Online,F220777
2025-06-09,P009,Mochila Gym,C009,ZonaActiva,14,180.0,Tucumán,Online,F820498
2023-12-02,P008,Botines Futbol,C001,Deportes SA,2,250.0,Mendoza,Mayorista,F529545
2024-08-20,P006,Gorra Visera,C005,MegaSports,7,35.0,Entre Ríos,Online,F280755
2023-06-10,P004,Campera Rompeviento,C007,Fitness Pro,11,210.0,Santa Fe,Online,F277123
2025-09-22,P002,Remera Deportiva,C001,Deportes SA,3,45.0,Neuquén,Tienda,F708026
2025-04-16,P009,Mochila Gym,C007,Fitness Pro,10,180.0,Tucumán,Tienda,F993668
2024-06-09,P008,Botines Futbol,C002,Indumentaria Norte,13,250.0,Entre Ríos,Mayorista,F721065
2024-10-04,P008,Botines Futbol,C010,Running World,18,250.0,Buenos Aires,Tienda,F569438
2025-04-25,P010,Guantes Invierno,C009,ZonaActiva,12,70.0,Neuquén,Tienda,F333031
2023-04-08,P004,Campera Rompeviento,C007,Fitness Pro,11,210.0,Santa Fe,Mayorista,F474088
2024-09-05,P010,Guantes Invierno,C007,Fitness Pro,14,70.0,Neuquén,Mayorista,F851389
2023-01-31,P010,Guantes Invierno,C009,ZonaActiva,15,70.0,Entre Ríos,Tienda,F776513
2023-02-02,P009,Mochila Gym,C010,Running World,13,180.0,Neuquén,Tienda,F857622
2024-08-17,P003,Short Entrenamiento,C001,Deportes SA,4,60.0,Chaco,Tienda,F309755
2025-04-15,P010,Guantes Invierno,C007,Fitness Pro,17,70.0,Entre Ríos,Tienda,F696466
2023-09-04,P005,Medias Técnicas,C010,Running World,5,25.0,Mendoza,Mayorista,F706471
2023-02-04,P001,Zapatillas Running,C003,Outlet Sur,5,120.5,Buenos Aires,Online,F453922
2025-01-25,P007,Buzo Deportivo,C005,MegaSports,11,150.0,Mendoza,Tienda,F444483
2024-06-05,P006,Gorra Visera,C006,UrbanFit,10,35.0,Buenos Aires,Tienda,F675236
2023-09-30,P007,Buzo Deportivo,C001,Deportes SA,20,150.0,Mendoza,Online,F826909
2023-06-13,P001,Zapatillas Running,C005,MegaSports,3,120.5,Santa Fe,Online,F677824
2023-10-09,P007,Buzo Deportivo,C001,Deportes SA,19,150.0,Tucumán,Online,F687393
2023-02-27,P010,Guantes Invierno,C007,Fitness Pro,10,70.0,Entre Ríos,Mayorista,F635049
2024-04-24,P001,Zapatillas Running,C009,ZonaActiva,12,120.5,Mendoza,Tienda,F939816
2024-02-09,P009,Mochila Gym,C008,TodoDeporte,9,180.0,Chaco,Online,F688314
2023-07-07,P005,Medias Técnicas,C010,Running World,15,25.0,Santa Fe,Online,F544003
2024-06-09,P009,Mochila Gym,C009,ZonaActiva,16,180.0,Corrientes,Mayorista,F401167
2023-08-04,P008,Botines Futbol,C003,Outlet Sur,12,250.0,Neuquén,Mayorista,F920593
2024-12-02,P003,Short Entrenamiento,C010,Running World,1,60.0,Santa Fe,Mayorista,F206698
2024-11-23,P001,Zapatillas Running,C001,Deportes SA,2,120.5,Santa Fe,Tienda,F416884
2023-01-02,P008,Botines Futbol,C006,UrbanFit,13,250.0,Córdoba,Mayorista,F631306
2024-08-07,P001,Zapatillas Running,C002,Indumentaria Norte,6,120.5,Buenos Aires,Tienda,F242734
2024-04-04,P002,Remera Deportiva,C003,Outlet Sur,6,45.0,Santa Fe,Tienda,F619047
2024-05-20,P004,Campera Rompeviento,C005,MegaSports,5,210.0,Neuquén,Tienda,F380941
2024-06-21,P004,Campera Rompeviento,C009,ZonaActiva,2,210.0,Tucumán,Tienda,F282563
2024-07-29,P008,Botines Futbol,C003,Outlet Sur,2,250.0,Chaco,Mayorista,F884788
2023-07-01,P001,Zapatillas Running,C007,Fitness Pro,6,120.5,Buenos Aires,Online,F440466
2023-05-18,P008,Botines Futbol,C001,Deportes SA,7,250.0,Mendoza,Online,F143687
2023-12-02,P002,Remera Deportiva,C003,Outlet Sur,10,45.0,Salta,Tienda,F256607
2025-01-21,P008,Botines Futbol,C001,Deportes SA,1,250.0,Córdoba,Online,F214986
2023-02-23,P001,Zapatillas Running,C003,Outlet Sur,5,120.5,Neuquén,Mayorista,F143917
2023-03-02,P003,Short Entrenamiento,C003,Outlet Sur,2,60.0,Chaco,Online,F107093
2023-09-08,P001,Zapatillas Running,C009,ZonaActiva,17,120.5,Salta,Mayorista,F457927
2024-05-22,P010,Guantes Invierno,C009,ZonaActiva,6,70.0,Neuquén,Mayorista,F281007
2025-02-25,P009,Mochila Gym,C005,MegaSports,6,180.0,Neuquén,Tienda,F372091
2024-09-04,P002,Remera Deportiva,C006,UrbanFit,11,45.0,Chaco,Online,F140322
2024-03-24,P002,Remera Deportiva,C001,Deportes SA,16,45.0,Entre Ríos,Mayorista,F526835
2023-08-24,P010,Guantes Invierno,C009,ZonaActiva,13,70.0,Tucumán,Mayorista,F705945
2023-05-06,P009,Mochila Gym,C002,Indumentaria Norte,1,180.0,Buenos Aires,Tienda,F977998
2024-12-04,P006,Gorra Visera,C003,Outlet Sur,4,35.0,Mendoza,Tienda,F843120
2024-04-28,P002,Remera Deportiva,C001,Deportes SA,20,45.0,Mendoza,Online,F547003
2024-03-15,P001,Zapatillas Running,C006,UrbanFit,14,120.5,Mendoza,Online,F115697
2023-08-16,P008,Botines Futbol,C003,Outlet Sur,19,250.0,Mendoza,Mayorista,F173217
2024-08-10,P009,Mochila Gym,C008,TodoDeporte,8,180.0,Chaco,Tienda,F677650
2023-11-29,P008,Botines Futbol,C004,Tiendas Centro,15,250.0,Chaco,Tienda,F632378
2024-01-05,P001,Zapatillas Running,C006,UrbanFit,12,120.5,Córdoba,Tienda,F361280
2025-04-22,P009,Mochila Gym,C002,Indumentaria Norte,13,180.0,Salta,Online,F773539
2024-06-06,P004,Campera Rompeviento,C007,Fitness Pro,9,210.0,Tucumán,Online,F455922
2024-12-23,P007,Buzo Deportivo,C009,ZonaActiva,11,150.0,Tucumán,Tienda,F115871
2023-06-04,P006,Gorra Visera,C003,Outlet Sur,17,35.0,Neuquén,Mayorista,F579069
2023-12-17,P009,Mochila Gym,C002,Indumentaria Norte,5,180.0,Neuquén,Tienda,F720002
2025-09-05,P008,Botines Futbol,C005,MegaSports,16,250.0,Buenos Aires,Tienda,F577858
2025-04-18,P006,Gorra Visera,C007,Fitness Pro,17,35.0,Tucumán,Mayorista,F821194
2025-07-09,P001,Zapatillas Running,C001,Deportes SA,9,120.5,Corrientes,Tienda,F734061
2024-01-23,P009,Mochila Gym,C008,TodoDeporte,11,180.0,Tucumán,Tienda,F785154
2023-12-20,P010,Guantes Invierno,C003,Outlet Sur,10,70.0,Entre Ríos,Tienda,F458000
2023-10-20,P001,Zapatillas Running,C005,MegaSports,20,120.5,Salta,Mayorista,F233008
2024-04-22,P004,Campera Rompeviento,C006,UrbanFit,12,210.0,Chaco,Online,F738067
2023-10-23,P010,Guantes Invierno,C003,Outlet Sur,6,70.0,Neuquén,Mayorista,F634435
2024-06-28,P002,Remera Deportiva,C009,ZonaActiva,17,45.0,Entre Ríos,Tienda,F143781
2024-09-20,P002,Remera Deportiva,C001,Deportes SA,5,45.0,Buenos Aires,Mayorista,F132910
2023-03-29,P004,Campera Rompeviento,C005,MegaSports,20,210.0,Neuquén,Mayorista,F452451
2024-05-12,P007,Buzo Deportivo,C004,Tiendas Centro,20,150.0,Chaco,Online,F155858
2024-10-14,P006,Gorra Visera,C006,UrbanFit,11,35.0,Salta,Mayorista,F663086
2023-04-26,P007,Buzo Deportivo,C003,Outlet Sur,14,150.0,Neuquén,Tienda,F637163
2025-08-31,P002,Remera Deportiva,C009,ZonaActiva,20,45.0,Tucumán,Tienda,F550024
2024-01-30,P001,Zapatillas Running,C002,Indumentaria Norte,8,120.5,Córdoba,Tienda,F673855
2025-08-28,P010,Guantes Invierno,C004,Tiendas Centro,19,70.0,Mendoza,Mayorista,F910926
2023-10-09,P006,Gorra Visera,C009,ZonaActiva,5,35.0,Mendoza,Tienda,F469997
2024-08-25,P004,Campera Rompeviento,C003,Outlet Sur,15,210.0,Córdoba,Online,F752284
2025-09-28,P003,Short Entrenamiento,C003,Outlet Sur,7,60.0,Tucumán,Tienda,F418350
2025-07-05,P010,Guantes Invierno,C001,Deportes SA,9,70.0,Santa Fe,Online,F909613
2025-11-04,P004,Campera Rompeviento,C002,Indumentaria Norte,6,210.0,Mendoza,Mayorista,F817832
2025-05-06,P010,Guantes Invierno,C004,Tiendas Centro,8,70.0,Córdoba,Online,F369571
2025-11-15,P005,Medias Técnicas,C009,ZonaActiva,2,25.0,Córdoba,Online,F461146
2024-12-08,P003,Short Entrenamiento,C001,Deportes SA,10,60.0,Neuquén,Mayorista,F138650
2023-06-19,P004,Campera Rompeviento,C006,UrbanFit,2,210.0,Chaco,Tienda,F435591
2025-02-24,P010,Guantes Invierno,C004,Tiendas Centro,13,70.0,Entre Ríos,Online,F924261
2023-12-19,P002,Remera Deportiva,C002,Indumentaria Norte,8,45.0,Chaco,Online,F715737
2025-01-21,P010,Guantes Invierno,C010,Running World,9,70.0,Santa Fe,Tienda,F516885
2023-12-22,P002,Remera Deportiva,C003,Outlet Sur,20,45.0,Entre Ríos,Tienda,F547464
2024-06-02,P005,Medias Técnicas,C007,Fitness Pro,4,25.0,Mendoza,Online,F379292
2025-11-04,P008,Botines Futbol,C009,ZonaActiva,12,250.0,Corrientes,Mayorista,F760837
2023-02-25,P009,Mochila Gym,C009,ZonaActiva,19,180.0,Entre Ríos,Online,F450185
2025-10-02,P006,Gorra Visera,C008,TodoDeporte,11,35.0,Chaco,Mayorista,F957338
2024-03-18,P005,Medias Técnicas,C010,Running World,11,25.0,Mendoza,Mayorista,F250824
2025-11-15,P005,Medias Técnicas,C008,TodoDeporte,14,25.0,Tucumán,Tienda,F907047
2024-06-13,P006,Gorra Visera,C002,Indumentaria Norte,2,35.0,Chaco,Tienda,F216402
2024-05-05,P004,Campera Rompeviento,C010,Running World,8,210.0,Salta,Online,F406786
2023-04-27,P004,Campera Rompeviento,C005,MegaSports,4,210.0,Santa Fe,Mayorista,F654817
2024-07-23,P004,Campera Rompeviento,C010,Running World,2,210.0,Mendoza,Online,F283199
2025-02-02,P004,Campera Rompeviento,C007,Fitness Pro,13,210.0,Neuquén,Mayorista,F792014
2024-05-30,P002,Remera Deportiva,C002,Indumentaria Norte,14,45.0,Corrientes,Mayorista,F392725
2025-06-10,P002,Remera Deportiva,C006,UrbanFit,13,45.0,Tucumán,Online,F631607
2024-09-10,P008,Botines Futbol,C003,Outlet Sur,20,250.0,Santa Fe,Online,F866457
2023-10-09,P002,Remera Deportiva,C001,Deportes SA,12,45.0,Córdoba,Tienda,F631612
2023-08-19,P004,Campera Rompeviento,C009,ZonaActiva,19,210.0,Santa Fe,Tienda,F296943
2025-11-30,P008,Botines Futbol,C007,Fitness Pro,9,250.0,Corrientes,Mayorista,F945036
2025-03-02,P009,Mochila Gym,C001,Deportes SA,6,180.0,Córdoba,Tienda,F384147
2024-08-03,P009,Mochila Gym,C008,TodoDeporte,12,180.0,Santa Fe,Online,F818298
2025-06-18,P002,Remera Deportiva,C008,TodoDeporte,15,45.0,Neuquén,Online,F190090
2024-10-20,P002,Remera Deportiva,C007,Fitness Pro,5,45.0,Santa Fe,Mayorista,F595394
2025-02-19,P003,Short Entrenamiento,C002,Indumentaria Norte,13,60.0,Salta,Mayorista,F829815
2023-06-03,P010,Guantes Invierno,C006,UrbanFit,13,70.0,Entre Ríos,Tienda,F420866
2023-08-29,P007,Buzo Deportivo,C009,ZonaActiva,13,150.0,Chaco,Tienda,F507089
2025-01-18,P004,Campera Rompeviento,C003,Outlet Sur,13,210.0,Buenos Aires,Mayorista,F352550
2023-02-09,P010,Guantes Invierno,C010,Running World,19,70.0,Chaco,Online,F460287
2023-08-26,P008,Botines Futbol,C001,Deportes SA,13,250.0,Entre Ríos,Online,F984101
2023-02-16,P007,Buzo Deportivo,C007,Fitness Pro,1,150.0,Corrientes,Mayorista,F117093
2025-05-06,P006,Gorra Visera,C007,Fitness Pro,4,35.0,Neuquén,Tienda,F790651
2024-12-18,P004,Campera Rompeviento,C004,Tiendas Centro,3,210.0,Corrientes,Mayorista,F190306
2024-09-17,P006,Gorra Visera,C008,TodoDeporte,18,35.0,Buenos Aires,Tienda,F948000
2023-06-22,P001,Zapatillas Running,C009,ZonaActiva,16,120.5,Tucumán,Tienda,F454441
2025-04-15,P009,Mochila Gym,C009,ZonaActiva,10,180.0,Buenos Aires,Mayorista,F387349
2023-05-16,P004,Campera Rompeviento,C003,Outlet Sur,1,210.0,Entre Ríos,Tienda,F797041
2025-11-19,P004,Campera Rompeviento,C008,TodoDeporte,2,210.0,Tucumán,Tienda,F148622
2024-06-08,P002,Remera Deportiva,C008,TodoDeporte,3,45.0,Córdoba,Mayorista,F442988
2023-10-24,P003,Short Entrenamiento,C008,TodoDeporte,17,60.0,Neuquén,Tienda,F966682
2024-12-01,P006,Gorra Visera,C001,Deportes SA,4,35.0,Chaco,Mayorista,F474508
2025-04-12,P010,Guantes Invierno,C002,Indumentaria Norte,7,70.0,Corrientes,Online,F255105
2023-08-07,P010,Guantes Invierno,C009,ZonaActiva,8,70.0,Córdoba,Mayorista,F518842
2024-09-16,P009,Mochila Gym,C008,TodoDeporte,12,180.0,Entre Ríos,Tienda,F354639
2024-09-21,P009,Mochila Gym,C007,Fitness Pro,11,180.0,Mendoza,Tienda,F489314
2024-06-28,P006,Gorra Visera,C005,MegaSports,5,35.0,Tucumán,Online,F222043
2025-05-15,P008,Botines Futbol,C006,UrbanFit,2,250.0,Entre Ríos,Tienda,F568898
2023-05-18,P003,Short Entrenamiento,C001,Deportes SA,10,60.0,Salta,Tienda,F545568
2023-02-03,P007,Buzo Deportivo,C009,ZonaActiva,20,150.0,Salta,Mayorista,F695433
2024-05-21,P005,Medias Técnicas,C008,TodoDeporte,14,25.0,Neuquén,Online,F766801
2024-03-16,P002,Remera Deportiva,C004,Tiendas Centro,15,45.0,Chaco,Mayorista,F971887
2024-01-20,P006,Gorra Visera,C005,MegaSports,13,35.0,Buenos Aires,Mayorista,F401031
2024-02-18,P001,Zapatillas Running,C004,Tiendas Centro,14,120.5,Salta,Mayorista,F131003
2023-10-02,P005,Medias Técnicas,C002,Indumentaria Norte,6,25.0,Corrientes,Online,F702828
2025-08-11,P004,Campera Rompeviento,C009,ZonaActiva,7,210.0,Tucumán,Mayorista,F816056
2023-10-18,P003,Short Entrenamiento,C004,Tiendas Centro,1,60.0,Neuquén,Online,F551747
2024-10-31,P008,Botines Futbol,C003,Outlet Sur,19,250.0,Tucumán,Mayorista,F517901
2024-04-12,P001,Zapatillas Running,C008,TodoDeporte,19,120.5,Córdoba,Online,F499657
2025-11-17,P002,Remera Deportiva,C008,TodoDeporte,13,45.0,Neuquén,Mayorista,F890363
2023-03-21,P004,Campera Rompeviento,C005,MegaSports,2,210.0,Buenos Aires,Tienda,F179040
2024-08-03,P010,Guantes Invierno,C008,TodoDeporte,5,70.0,Entre Ríos,Online,F631616
2023-03-19,P001,Zapatillas Running,C004,Tiendas Centro,7,120.5,Corrientes,Tienda,F938973
2023-12-19,P001,Zapatillas Running,C002,Indumentaria Norte,15,120.5,Entre Ríos,Mayorista,F455558
2024-06-10,P010,Guantes Invierno,C009,ZonaActiva,10,70.0,Entre Ríos,Tienda,F259244
2025-08-07,P010,Guantes Invierno,C010,Running World,2,70.0,Chaco,Mayorista,F488618
2024-06-25,P001,Zapatillas Running,C008,TodoDeporte,17,120.5,Chaco,Tienda,F212909
2023-09-13,P010,Guantes Invierno,C008,TodoDeporte,20,70.0,Mendoza,Tienda,F558942
2025-02-11,P004,Campera Rompeviento,C008,TodoDeporte,4,210.0,Entre Ríos,Mayorista,F879366
2024-02-18,P005,Medias Técnicas,C010,Running World,10,25.0,Chaco,Mayorista,F169208
2024-07-29,P002,Remera Deportiva,C001,Deportes SA,16,45.0,Tucumán,Tienda,F227362
2023-06-09,P009,Mochila Gym,C006,UrbanFit,7,180.0,Córdoba,Online,F116074
2023-01-10,P004,Campera Rompeviento,C004,Tiendas Centro,19,210.0,Chaco,Tienda,F769543
2025-08-10,P006,Gorra Visera,C008,TodoDeporte,1,35.0,Buenos Aires,Online,F358823
2024-04-09,P005,Medias Técnicas,C003,Outlet Sur,18,25.0,Córdoba,Tienda,F529351
2024-06-05,P006,Gorra Visera,C008,TodoDeporte,16,35.0,Neuquén,Tienda,F554214
2025-10-10,P005,Medias Técnicas,C005,MegaSports,5,25.0,Corrientes,Online,F684186
2024-04-18,P007,Buzo Deportivo,C005,MegaSports,5,150.0,Corrientes,Tienda,F539284
2025-02-14,P009,Mochila Gym,C002,Indumentaria Norte,17,180.0,Córdoba,Mayorista,F586870
2025-07-30,P006,Gorra Visera,C005,MegaSports,15,35.0,Córdoba,Tienda,F642907
2023-02-10,P002,Remera Deportiva,C007,Fitness Pro,2,45.0,Mendoza,Online,F736155
2023-03-06,P003,Short Entrenamiento,C002,Indumentaria Norte,10,60.0,Corrientes,Tienda,F956863
2025-09-26,P004,Campera Rompeviento,C008,TodoDeporte,13,210.0,Buenos Aires,Online,F435436
2023-08-11,P005,Medias Técnicas,C009,ZonaActiva,16,25.0,Chaco,Tienda,F393305
2024-11-04,P010,Guantes Invierno,C002,Indumentaria Norte,4,70.0,Corrientes,Mayorista,F997303
2025-01-06,P010,Guantes Invierno,C006,UrbanFit,15,70.0,Entre Ríos,Tienda,F280564
2023-11-09,P006,Gorra Visera,C006,UrbanFit,19,35.0,Buenos Aires,Online,F867370
2024-07-16,P009,Mochila Gym,C003,Outlet Sur,8,180.0,Córdoba,Tienda,F731366
2024-12-16,P002,Remera Deportiva,C003,Outlet Sur,11,45.0,Neuquén,Tienda,F553117
2024-05-18,P006,Gorra Visera,C002,Indumentaria Norte,20,35.0,Entre Ríos,Tienda,F454634
2024-04-30,P001,Zapatillas Running,C001,Deportes SA,6,120.5,Corrientes,Online,F446631
2025-05-10,P001,Zapatillas Running,C004,Tiendas Centro,15,120.5,Buenos Aires,Mayorista,F314204
2025-12-07,P010,Guantes Invierno,C007,Fitness Pro,19,70.0,Neuquén,Tienda,F976675
2023-07-31,P007,Buzo Deportivo,C008,TodoDeporte,20,150.0,Neuquén,Online,F658429
2024-12-01,P005,Medias Técnicas,C004,Tiendas Centro,8,25.0,Tucumán,Mayorista,F426530
2023-01-14,P003,Short Entrenamiento,C005,MegaSports,5,60.0,Salta,Mayorista,F861130
2023-05-31,P002,Remera Deportiva,C003,Outlet Sur,19,45.0,Santa Fe,Tienda,F287068
2023-10-15,P008,Botines Futbol,C006,UrbanFit,7,250.0,Córdoba,Mayorista,F429119
2025-07-11,P010,Guantes Invierno,C003,Outlet Sur,1,70.0,Santa Fe,Mayorista,F933011
2025-11-11,P007,Buzo Deportivo,C007,Fitness Pro,16,150.0,Neuquén,Mayorista,F549763
2025-08-26,P003,Short Entrenamiento,C006,UrbanFit,20,60.0,Tucumán,Mayorista,F757980
2024-03-23,P010,Guantes Invierno,C007,Fitness Pro,5,70.0,Buenos Aires,Tienda,F169451
2024-05-01,P010,Guantes Invierno,C003,Outlet Sur,14,70.0,Tucumán,Mayorista,F673682
2024-08-05,P006,Gorra Visera,C002,Indumentaria Norte,17,35.0,Santa Fe,Online,F389149
2023-11-18,P007,Buzo Deportivo,C010,Running World,12,150.0,Buenos Aires,Online,F279883
2023-01-31,P009,Mochila Gym,C006,UrbanFit,10,180.0,Salta,Online,F475580
2024-08-02,P005,Medias Técnicas,C001,Deportes SA,10,25.0,Buenos Aires,Online,F428649
2024-08-03,P009,Mochila Gym,C009,ZonaActiva,19,180.0,Chaco,Tienda,F792396
2023-10-31,P006,Gorra Visera,C003,Outlet Sur,19,35.0,Chaco,Mayorista,F536666
2024-09-23,P002,Remera Deportiva,C003,Outlet Sur,9,45.0,Salta,Mayorista,F861053
2023-10-18,P001,Zapatillas Running,C009,ZonaActiva,9,120.5,Chaco,Mayorista,F251971
2024-06-30,P007,Buzo Deportivo,C003,Outlet Sur,9,150.0,Buenos Aires,Mayorista,F947179
2023-07-25,P005,Medias Técnicas,C009,ZonaActiva,3,25.0,Salta,Mayorista,F601573
2023-09-25,P008,Botines Futbol,C001,Deportes SA,10,250.0,Buenos Aires,Mayorista,F425547
2023-11-19,P004,Campera Rompeviento,C004,Tiendas Centro,15,210.0,Salta,Tienda,F641223
2023-04-07,P006,Gorra Visera,C004,Tiendas Centro,20,35.0,Chaco,Tienda,F558022
2025-02-19,P009,Mochila Gym,C004,Tiendas Centro,6,180.0,Tucumán,Tienda,F821756
2024-03-14,P002,Remera Deportiva,C007,Fitness Pro,14,45.0,Corrientes,Online,F365308
2023-12-04,P007,Buzo Deportivo,C001,Deportes SA,6,150.0,Buenos Aires,Mayorista,F281530
2025-07-16,P002,Remera Deportiva,C005,MegaSports,12,45.0,Córdoba,Mayorista,F275420
2025-07-31,P009,Mochila Gym,C005,MegaSports,18,180.0,Mendoza,Online,F511337
2025-08-09,P002,Remera Deportiva,C008,TodoDeporte,11,45.0,Entre Ríos,Mayorista,F756420
2024-03-12,P007,Buzo Deportivo,C006,UrbanFit,6,150.0,Entre Ríos,Online,F970388
2023-06-17,P002,Remera Deportiva,C009,ZonaActiva,1,45.0,Córdoba,Online,F398791
2025-08-30,P007,Buzo Deportivo,C005,MegaSports,15,150.0,Chaco,Tienda,F855394
2023-06-24,P002,Remera Deportiva,C003,Outlet Sur,4,45.0,Buenos Aires,Tienda,F921420
2023-07-11,P010,Guantes Invierno,C007,Fitness Pro,14,70.0,Salta,Tienda,F736006
2024-07-17,P010,Guantes Invierno,C010,Running World,11,70.0,Córdoba,Mayorista,F164332
2023-10-22,P010,Guantes Invierno,C005,MegaSports,14,70.0,Buenos Aires,Mayorista,F628320
2025-07-23,P006,Gorra Visera,C009,ZonaActiva,16,35.0,Buenos Aires,Mayorista,F466185
2024-10-17,P008,Botines Futbol,C002,Indumentaria Norte,8,250.0,Neuquén,Online,F638430
2024-03-16,P001,Zapatillas Running,C002,Indumentaria Norte,7,120.5,Corrientes,Mayorista,F266498
2024-05-09,P010,Guantes Invierno,C009,ZonaActiva,2,70.0,Salta,Mayorista,F311181
2024-07-02,P010,Guantes Invierno,C002,Indumentaria Norte,12,70.0,Santa Fe,Tienda,F882351
2024-09-05,P003,Short Entrenamiento,C007,Fitness Pro,9,60.0,Mendoza,Tienda,F253008
2024-08-22,P008,Botines Futbol,C010,Running World,8,250.0,Santa Fe,Tienda,F251868
2023-11-21,P003,Short Entrenamiento,C008,TodoDeporte,4,60.0,Entre Ríos,Online,F919439
2024-01-10,P008,Botines Futbol,C004,Tiendas Centro,12,250.0,Corrientes,Mayorista,F945453
2024-09-05,P010,Guantes Invierno,C007,Fitness Pro,4,70.0,Salta,Online,F979696
2023-07-22,P005,Medias Técnicas,C005,MegaSports,12,25.0,Buenos Aires,Mayorista,F475849
2024-07-29,P001,Zapatillas Running,C003,Outlet Sur,19,120.5,Santa Fe,Tienda,F651159
2024-04-20,P002,Remera Deportiva,C003,Outlet Sur,1,45.0,Mendoza,Online,F702715
2023-03-29,P009,Mochila Gym,C010,Running World,12,180.0,Buenos Aires,Online,F315528
2025-11-11,P008,Botines Futbol,C006,UrbanFit,2,250.0,Mendoza,Online,F781671
2025-12-03,P005,Medias Técnicas,C004,Tiendas Centro,12,25.0,Chaco,Online,F635531
2024-03-11,P008,Botines Futbol,C007,Fitness Pro,5,250.0,Tucumán,Tienda,F153621
2024-02-09,P009,Mochila Gym,C009,ZonaActiva,9,180.0,Mendoza,Mayorista,F917182
2023-07-31,P004,Campera Rompeviento,C005,MegaSports,10,210.0,Tucumán,Tienda,F340452
2024-09-23,P006,Gorra Visera,C008,TodoDeporte,5,35.0,Santa Fe,Online,F748167
2023-08-09,P008,Botines Futbol,C004,Tiendas Centro,15,250.0,Tucumán,Online,F604304
2023-03-16,P004,Campera Rompeviento,C004,Tiendas Centro,2,210.0,Córdoba,Mayorista,F856358
2023-11-02,P007,Buzo Deportivo,C003,Outlet Sur,6,150.0,Corrientes,Online,F262676
2025-12-07,P009,Mochila Gym,C004,Tiendas Centro,8,180.0,Tucumán,Online,F818599
2024-12-27,P006,Gorra Visera,C009,ZonaActiva,18,35.0,Santa Fe,Online,F747287
2024-06-09,P010,Guantes Invierno,C006,UrbanFit,4,70.0,Salta,Mayorista,F975039
2023-12-22,P004,Campera Rompeviento,C008,TodoDeporte,7,210.0,Neuquén,Tienda,F298417
2025-08-13,P010,Guantes Invierno,C007,Fitness Pro,16,70.0,Salta,Tienda,F211820
2024-10-29,P008,Botines Futbol,C010,Running World,7,250.0,Salta,Online,F339380
2023-03-11,P005,Medias Técnicas,C005,MegaSports,6,25.0,Entre Ríos,Online,F377530
2025-10-10,P001,Zapatillas Running,C010,Running World,6,120.5,Salta,Online,F728624
2024-08-30,P005,Medias Técnicas,C001,Deportes SA,9,25.0,Salta,Tienda,F240459
2023-09-09,P009,Mochila Gym,C004,Tiendas Centro,3,180.0,Córdoba,Mayorista,F689842
2024-03-08,P003,Short Entrenamiento,C007,Fitness Pro,19,60.0,Mendoza,Tienda,F171037
2025-03-13,P010,Guantes Invierno,C003,Outlet Sur,3,70.0,Mendoza,Tienda,F937704
2024-05-04,P006,Gorra Visera,C001,Deportes SA,11,35.0,Buenos Aires,Tienda,F359507
2023-06-10,P006,Gorra Visera,C001,Deportes SA,3,35.0,Salta,Mayorista,F874392
2024-11-26,P006,Gorra Visera,C008,TodoDeporte,17,35.0,Salta,Mayorista,F572653
2024-05-06,P010,Guantes Invierno,C004,Tiendas Centro,18,70.0,Córdoba,Online,F275400
2024-02-12,P007,Buzo Deportivo,C006,UrbanFit,8,150.0,Córdoba,Tienda,F950961
2024-11-08,P009,Mochila Gym,C007,Fitness Pro,3,180.0,Neuquén,Mayorista,F169892
2024-07-29,P007,Buzo Deportivo,C006,UrbanFit,9,150.0,Salta,Mayorista,F661456
2025-07-29,P001,Zapatillas Running,C005,MegaSports,16,120.5,Corrientes,Mayorista,F982512
2025-01-15,P010,Guantes Invierno,C002,Indumentaria Norte,20,70.0,Salta,Online,F159302
2024-02-04,P005,Medias Técnicas,C008,TodoDeporte,18,25.0,Neuquén,Online,F391145
2024-02-23,P009,Mochila Gym,C003,Outlet Sur,11,180.0,Mendoza,Mayorista,F557612
2023-09-05,P003,Short Entrenamiento,C001,Deportes SA,12,60.0,Corrientes,Mayorista,F766907
2025-07-08,P007,Buzo Deportivo,C010,Running World,16,150.0,Chaco,Online,F461415
2023-10-13,P002,Remera Deportiva,C003,Outlet Sur,11,45.0,Chaco,Online,F849463
2024-04-18,P001,Zapatillas Running,C001,Deportes SA,13,120.5,Tucumán,Tienda,F688296
2025-04-18,P006,Gorra Visera,C001,Deportes SA,18,35.0,Santa Fe,Online,F220025
2023-06-28,P001,Zapatillas Running,C004,Tiendas Centro,19,120.5,Tucumán,Mayorista,F704987
2025-06-05,P003,Short Entrenamiento,C005,MegaSports,18,60.0,Chaco,Mayorista,F431019
2025-09-01,P001,Zapatillas Running,C008,TodoDeporte,16,120.5,Salta,Online,F818805
